Date,Open,High,Low,Close,Adj Close,Volume,Daily_Return
2018-01-02,1.47,1.47,1.4,1.4,1.4,39400,0.08510638297872353
2018-01-03,1.43,1.43,1.35,1.37,1.37,38700,-0.02142857142857124
2018-01-04,1.37,1.42,1.2,1.37,1.37,165600,0.0
2018-01-05,1.37,1.38,1.34,1.34,1.34,18700,-0.021897810218978075
2018-01-08,1.32,1.34,1.28,1.31,1.31,42900,-0.022388059701492602
2018-01-09,1.3,1.31,1.29,1.31,1.31,20700,0.0
2018-01-10,1.31,1.4,1.3,1.39,1.39,104100,0.061068702290076216
2018-01-11,1.4,1.48,1.37,1.45,1.45,90700,0.043165467625899234
2018-01-12,1.46,1.75,1.46,1.49,1.49,306000,0.02758620689655178
2018-01-16,1.63,1.74,1.56,1.61,1.61,148800,0.08053691275167796
2018-01-17,1.64,1.69,1.57,1.61,1.61,118500,0.0
2018-01-18,1.63,1.65,1.51,1.52,1.52,42300,-0.05590062111801242
2018-01-19,1.51,1.55,1.5,1.53,1.53,66900,0.006578947368421018
2018-01-22,1.54,1.57,1.53,1.55,1.55,46100,0.013071895424836555
2018-01-23,1.59,1.6,1.53,1.57,1.57,38500,0.012903225806451646
2018-01-24,1.6,1.62,1.59,1.6,1.6,60600,0.019108280254777066
2018-01-25,1.62,1.69,1.61,1.61,1.61,133800,0.006250000000000089
2018-01-26,1.59,1.64,1.57,1.63,1.63,87100,0.012422360248447006
2018-01-29,1.71,1.71,1.5,1.56,1.56,200000,-0.04294478527607348
2018-01-30,1.51,1.58,1.5,1.56,1.56,75200,0.0
2018-01-31,1.57,1.57,1.53,1.53,1.53,37000,-0.019230769230769273
2018-02-01,1.53,1.53,1.26,1.45,1.45,255000,-0.05228758169934644
2018-02-02,1.42,1.49,1.42,1.42,1.42,64600,-0.020689655172413834
2018-02-05,1.41,1.47,1.39,1.4,1.4,51600,-0.014084507042253502
2018-02-06,1.38,1.43,1.3,1.38,1.38,78300,-0.014285714285714346
2018-02-07,1.39,1.42,1.36,1.38,1.38,46300,0.0
2018-02-08,1.39,1.45,1.39,1.44,1.44,36500,0.04347826086956519
2018-02-09,1.51,1.51,1.39,1.42,1.42,81300,-0.01388888888888895
2018-02-12,1.45,1.53,1.45,1.5,1.5,127900,0.05633802816901423
2018-02-13,1.53,1.55,1.51,1.54,1.54,94800,0.026666666666666616
2018-02-14,1.58,1.68,1.57,1.62,1.62,133900,0.051948051948051965
2018-02-15,1.7,1.7,1.51,1.55,1.55,89500,-0.04320987654320996
2018-02-16,1.56,1.56,1.51,1.54,1.54,53600,-0.006451612903225823
2018-02-20,1.57,1.68,1.5,1.59,1.59,101600,0.032467532467532534
2018-02-21,1.6,1.6,1.48,1.49,1.49,70200,-0.06289308176100639
2018-02-22,1.49,1.51,1.45,1.45,1.45,111900,-0.02684563758389269
2018-02-23,1.45,1.5,1.43,1.48,1.48,41200,0.020689655172413834
2018-02-26,1.46,1.56,1.46,1.54,1.54,69600,0.04054054054054057
2018-02-27,1.56,1.57,1.52,1.55,1.55,48600,0.006493506493506551
2018-02-28,1.54,1.56,1.48,1.52,1.52,76600,-0.01935483870967747
2018-03-01,1.53,1.57,1.53,1.55,1.55,57900,0.019736842105263275
2018-03-02,1.57,1.58,1.54,1.58,1.58,16700,0.019354838709677358
2018-03-05,1.53,1.62,1.5,1.5,1.5,22800,-0.05063291139240511
2018-03-06,1.52,1.6,1.52,1.54,1.54,29100,0.026666666666666616
2018-03-07,1.48,1.58,1.48,1.53,1.53,39800,-0.006493506493506551
2018-03-08,1.5,1.59,1.49,1.54,1.54,63400,0.006535947712418277
2018-03-09,1.6,1.62,1.54,1.58,1.58,81400,0.025974025974025983
2018-03-12,1.58,1.69,1.58,1.65,1.65,116100,0.04430379746835422
2018-03-13,1.66,1.68,1.64,1.65,1.65,58200,0.0
2018-03-14,1.64,1.67,1.56,1.56,1.56,13800,-0.05454545454545445
2018-03-15,1.57,1.66,1.56,1.65,1.65,28200,0.05769230769230771
2018-03-16,1.65,1.67,1.5,1.5,1.5,43300,-0.08196721311475397
2018-03-19,1.69,1.69,1.55,1.61,1.61,83800,0.07333333333333347
2018-03-20,1.55,1.64,1.55,1.55,1.55,62200,-0.037267080745341685
2018-03-21,1.6,1.75,1.57,1.72,1.72,106400,0.08510638297872353
2018-03-22,1.69,1.78,1.59,1.74,1.74,83600,0.011627906976744207
2018-03-23,1.72,1.79,1.62,1.67,1.67,130900,-0.04022988505747127
2018-03-26,1.67,1.73,1.67,1.71,1.71,39700,0.0239520958083832
2018-03-27,1.73,1.74,1.67,1.69,1.69,50500,-0.011695906432748537
2018-03-28,1.7,1.72,1.67,1.68,1.68,20500,-0.00591715976331364
2018-03-29,1.67,1.7,1.66,1.66,1.66,16100,-0.011904761904761862
2018-04-02,1.65,1.67,1.61,1.63,1.63,39600,-0.01807228915662651
2018-04-03,1.62,1.71,1.62,1.65,1.65,25100,0.012269938650306678
2018-04-04,1.65,1.72,1.65,1.71,1.71,22200,0.036363636363636376
2018-04-05,1.78,1.79,1.72,1.76,1.76,121200,0.029239766081871288
2018-04-06,1.77,1.77,1.72,1.75,1.75,18800,-0.005681818181818232
2018-04-09,1.61,1.74,1.6,1.68,1.68,51800,-0.040000000000000036
2018-04-10,1.69,1.85,1.68,1.8,1.8,129100,0.0714285714285714
2018-04-11,1.9,2.1,1.85,1.9,1.9,163600,0.05555555555555558
2018-04-12,1.91,1.94,1.85,1.9,1.9,36300,0.0
2018-04-13,1.86,1.95,1.86,1.88,1.88,97100,-0.010526315789473717
2018-04-16,1.92,1.92,1.9,1.91,1.91,23900,0.015957446808510634
2018-04-17,1.97,1.97,1.9,1.92,1.92,51900,0.005235602094240788
2018-04-18,1.93,1.95,1.9,1.91,1.91,24300,-0.00520833333333337
2018-04-19,1.93,1.96,1.85,1.96,1.96,47800,0.02617801047120416
2018-04-20,1.96,1.97,1.91,1.95,1.95,18900,-0.005102040816326481
2018-04-23,1.95,1.95,1.93,1.95,1.95,31400,0.0
2018-04-24,1.93,1.94,1.91,1.92,1.92,27500,-0.015384615384615441
2018-04-25,1.91,1.95,1.89,1.9,1.9,55100,-0.01041666666666663
2018-04-26,1.9,1.91,1.86,1.88,1.88,64700,-0.010526315789473717
2018-04-27,1.88,1.92,1.88,1.9,1.9,56000,0.010638297872340496
2018-04-30,1.9,1.92,1.86,1.86,1.86,53800,-0.021052631578947323
2018-05-01,1.85,1.88,1.82,1.83,1.83,39900,-0.016129032258064502
2018-05-02,1.83,1.9,1.83,1.89,1.89,16000,0.032786885245901454
2018-05-03,1.9,1.92,1.87,1.88,1.88,10600,-0.005291005291005346
2018-05-04,1.89,1.92,1.88,1.9,1.9,32200,0.010638297872340496
2018-05-07,1.91,1.91,1.86,1.86,1.86,52000,-0.021052631578947323
2018-05-08,1.85,1.88,1.85,1.87,1.87,13600,0.005376344086021501
2018-05-09,1.88,1.93,1.88,1.92,1.92,30900,0.026737967914438387
2018-05-10,1.95,2.07,1.94,1.99,1.99,78000,0.03645833333333326
2018-05-11,1.99,2.24,1.99,2.16,2.16,157700,0.08510638297872353
2018-05-14,2.3,2.33,2.2,2.24,2.24,192800,0.03703703703703698
2018-05-15,2.3,2.3,2.16,2.17,2.17,84900,-0.03125000000000011
2018-05-16,2.14,2.25,2.13,2.24,2.24,57500,0.032258064516129226
2018-05-17,2.26,2.26,2.16,2.19,2.19,44700,-0.022321428571428714
2018-05-18,2.17,2.23,2.15,2.2,2.2,75100,0.004566210045662267
2018-05-21,2.21,2.26,2.18,2.24,2.24,115600,0.0181818181818183
2018-05-22,2.26,2.28,2.15,2.23,2.23,126400,-0.0044642857142858094
2018-05-23,2.24,2.25,2.04,2.22,2.22,128700,-0.004484304932735328
2018-05-24,2.24,2.24,2.1,2.13,2.13,47600,-0.04054054054054068
2018-05-25,2.12,2.12,1.97,2.02,2.02,136900,-0.05164319248826288
2018-05-29,2.05,2.2,2.05,2.17,2.17,140300,0.07425742574257432
2018-05-30,2.2,2.2,2.06,2.15,2.15,50400,-0.009216589861751112
2018-05-31,2.15,2.16,2.06,2.07,2.07,78600,-0.037209302325581395
2018-06-01,2.05,2.09,2.02,2.02,2.02,48900,-0.02415458937198056
2018-06-04,2.02,2.07,2.02,2.05,2.05,47000,0.014851485148514865
2018-06-05,2.05,2.12,2.05,2.07,2.07,25900,0.009756097560975618
2018-06-06,2.08,2.09,2.05,2.05,2.05,34500,-0.009661835748792313
2018-06-07,2.05,2.06,2.03,2.04,2.04,27000,-0.004878048780487698
2018-06-08,2.04,2.1,2.04,2.08,2.08,39800,0.019607843137254832
2018-06-11,2.08,2.1,2.06,2.1,2.1,45000,0.009615384615384581
2018-06-12,2.08,2.19,2.08,2.19,2.19,42600,0.042857142857142705
2018-06-13,2.2,2.29,2.16,2.24,2.24,187700,0.022831050228310668
2018-06-14,2.24,2.24,2.0,2.07,2.07,109900,-0.07589285714285732
2018-06-15,2.1,2.1,2.02,2.05,2.05,66000,-0.009661835748792313
2018-06-18,2.05,2.06,1.78,1.9,1.9,186800,-0.07317073170731703
2018-06-19,1.85,1.9,1.81,1.82,1.82,113500,-0.042105263157894646
2018-06-20,1.84,1.95,1.83,1.95,1.95,43700,0.0714285714285714
2018-06-21,1.94,1.98,1.85,1.85,1.85,33100,-0.05128205128205121
2018-06-22,1.86,1.92,1.85,1.92,1.92,86500,0.03783783783783767
2018-06-25,1.91,1.92,1.9,1.92,1.92,24600,0.0
2018-06-26,1.91,1.92,1.89,1.89,1.89,23500,-0.015625
2018-06-27,1.91,1.92,1.91,1.92,1.92,22100,0.015873015873015817
2018-06-28,1.92,1.92,1.86,1.88,1.88,30300,-0.02083333333333337
2018-06-29,1.87,1.95,1.87,1.94,1.94,20400,0.03191489361702127
2018-07-02,1.94,1.95,1.88,1.89,1.89,85800,-0.02577319587628868
2018-07-03,1.9,1.97,1.9,1.93,1.93,37000,0.021164021164021163
2018-07-05,1.91,1.92,1.89,1.89,1.89,19000,-0.020725388601036343
2018-07-06,1.87,1.92,1.86,1.87,1.87,13400,-0.01058201058201047
2018-07-09,1.86,1.91,1.82,1.89,1.89,101700,0.010695187165775222
2018-07-10,1.89,1.95,1.87,1.93,1.93,16700,0.021164021164021163
2018-07-11,1.92,1.93,1.88,1.88,1.88,10800,-0.025906735751295318
2018-07-12,1.89,1.89,1.84,1.86,1.86,22300,-0.010638297872340274
2018-07-13,1.88,1.88,1.81,1.81,1.81,21800,-0.026881720430107503
2018-07-16,1.8,1.81,1.55,1.58,1.58,90600,-0.08196721311475397
2018-07-17,1.59,1.6,1.5,1.6,1.6,107500,0.012658227848101333
2018-07-18,1.61,1.85,1.61,1.8,1.8,80200,0.08510638297872353
2018-07-19,1.79,1.79,1.68,1.68,1.68,16200,-0.06666666666666676
2018-07-20,1.68,1.85,1.67,1.72,1.72,9400,0.023809523809523725
2018-07-23,1.71,1.71,1.69,1.7,1.7,4400,-0.011627906976744207
2018-07-24,1.69,1.7,1.6,1.6,1.6,30800,-0.05882352941176461
2018-07-25,1.62,1.67,1.62,1.65,1.65,58700,0.031249999999999778
2018-07-26,1.66,1.8,1.66,1.74,1.74,36200,0.054545454545454675
2018-07-27,1.75,1.76,1.66,1.75,1.75,21200,0.005747126436781658
2018-07-30,1.75,1.77,1.73,1.77,1.77,15600,0.011428571428571344
2018-07-31,1.8,1.85,1.8,1.81,1.81,42200,0.02259887005649719
2018-08-01,1.79,1.89,1.78,1.87,1.87,30700,0.03314917127071837
2018-08-02,1.95,1.98,1.84,1.9,1.9,43700,0.016042780748662944
2018-08-03,1.96,1.96,1.76,1.79,1.79,74100,-0.05789473684210522
2018-08-06,1.81,1.88,1.8,1.86,1.86,27600,0.03910614525139677
2018-08-07,1.86,1.92,1.84,1.9,1.9,26000,0.021505376344086002
2018-08-08,1.91,1.92,1.84,1.86,1.86,14100,-0.021052631578947323
2018-08-09,1.85,1.96,1.71,1.91,1.91,74600,0.026881720430107503
2018-08-10,1.94,1.94,1.71,1.9,1.9,19500,-0.005235602094240788
2018-08-13,1.8,1.88,1.77,1.77,1.77,36300,-0.06842105263157894
2018-08-14,1.84,1.87,1.82,1.87,1.87,19500,0.05649717514124308
2018-08-15,1.86,1.86,1.82,1.84,1.84,25100,-0.016042780748663166
2018-08-16,1.83,1.85,1.81,1.82,1.82,25700,-0.010869565217391353
2018-08-17,1.82,1.86,1.82,1.84,1.84,31200,0.01098901098901095
2018-08-20,1.79,1.84,1.79,1.82,1.82,33700,-0.010869565217391353
2018-08-21,1.81,1.83,1.72,1.79,1.79,9100,-0.016483516483516536
2018-08-22,1.8,1.84,1.8,1.83,1.83,8600,0.022346368715083775
2018-08-23,1.79,1.83,1.79,1.8,1.8,10900,-0.016393442622950838
2018-08-24,1.81,1.9,1.8,1.85,1.85,41500,0.0277777777777779
2018-08-27,1.86,1.87,1.8,1.8,1.8,20000,-0.027027027027027084
2018-08-28,1.8,1.92,1.8,1.86,1.86,49900,0.03333333333333344
2018-08-29,1.88,1.9,1.86,1.9,1.9,6600,0.021505376344086002
2018-08-30,1.9,1.94,1.9,1.93,1.93,37500,0.015789473684210575
2018-08-31,1.95,1.95,1.89,1.95,1.95,62200,0.010362694300518172
2018-09-04,1.95,1.97,1.94,1.96,1.96,59600,0.00512820512820511
2018-09-05,1.93,1.96,1.93,1.93,1.93,4900,-0.015306122448979553
2018-09-06,1.96,2.58,1.93,2.33,2.33,1459400,0.08510638297872353
2018-09-07,2.45,2.45,2.35,2.43,2.43,305600,0.0429184549356223
2018-09-10,2.5,2.7,2.47,2.52,2.52,464100,0.03703703703703698
2018-09-11,2.69,2.7,2.55,2.62,2.62,271100,0.039682539682539764
2018-09-12,2.65,2.97,2.57,2.74,2.74,203000,0.04580152671755733
2018-09-13,2.75,2.75,2.7,2.71,2.71,140600,-0.010948905109489093
2018-09-14,2.64,2.76,2.62,2.72,2.72,144600,0.0036900369003691758
2018-09-17,2.75,2.8,2.75,2.79,2.79,154100,0.025735294117646967
2018-09-18,2.7,2.86,2.6,2.85,2.85,303200,0.021505376344086002
2018-09-19,2.9,3.07,2.83,2.98,2.98,382300,0.04561403508771922
2018-09-20,3.05,3.19,2.98,3.12,3.12,332000,0.046979865771812124
2018-09-21,3.14,3.15,3.04,3.15,3.15,235800,0.009615384615384581
2018-09-24,3.19,3.33,3.1,3.33,3.33,401000,0.05714285714285716
2018-09-25,3.35,3.39,3.11,3.17,3.17,381000,-0.048048048048048075
2018-09-26,3.15,3.34,3.14,3.29,3.29,94600,0.03785488958990535
2018-09-27,3.29,3.35,3.17,3.2,3.2,80000,-0.027355623100303927
2018-09-28,3.2,3.35,3.19,3.19,3.19,145400,-0.0031250000000000444
2018-10-01,3.25,3.54,3.17,3.52,3.52,410100,0.08510638297872353
2018-10-02,3.59,3.8,3.56,3.66,3.66,647500,0.03977272727272729
2018-10-03,3.66,3.95,3.56,3.83,3.83,527200,0.04644808743169393
2018-10-04,3.94,3.95,3.55,3.84,3.84,495200,0.0026109660574411553
2018-10-05,3.84,3.93,3.7,3.75,3.75,412700,-0.0234375
2018-10-08,3.7,4.49,3.6,4.18,4.18,768400,0.08510638297872353
2018-10-09,4.25,4.85,4.25,4.45,4.45,942400,0.06459330143540676
2018-10-10,4.48,4.54,3.31,4.0,4.0,993500,-0.08196721311475397
2018-10-11,3.63,3.88,2.62,3.3,3.3,1081200,-0.08196721311475397
2018-10-12,3.7,3.7,3.2,3.4,3.4,306900,0.030303030303030276
2018-10-15,3.39,3.77,3.39,3.69,3.69,682100,0.08510638297872353
2018-10-16,3.77,4.22,3.69,4.18,4.18,839300,0.08510638297872353
2018-10-17,4.97,4.97,4.05,4.5,4.5,732400,0.07655502392344515
2018-10-18,4.6,4.71,4.43,4.51,4.51,619500,0.0022222222222221255
2018-10-19,4.61,5.03,4.51,4.55,4.55,679900,0.008869179600886845
2018-10-22,4.65,5.05,4.55,5.04,5.04,733500,0.08510638297872353
2018-10-23,4.91,4.91,4.13,4.35,4.35,755800,-0.08196721311475397
2018-10-24,4.41,4.6,4.2,4.23,4.23,392800,-0.027586206896551557
2018-10-25,4.24,4.25,3.39,3.7,3.7,705900,-0.08196721311475397
2018-10-26,3.64,4.17,3.53,4.06,4.06,397700,0.08510638297872353
2018-10-29,4.05,4.13,3.55,3.57,3.57,355400,-0.08196721311475397
2018-10-30,3.51,3.9,3.31,3.75,3.75,315100,0.050420168067226934
2018-10-31,3.81,3.96,3.76,3.96,3.96,250800,0.05600000000000005
2018-11-01,4.0,4.01,3.54,3.73,3.73,528800,-0.058080808080808066
2018-11-02,3.62,3.73,3.45,3.49,3.49,190000,-0.06434316353887393
2018-11-05,3.49,3.63,3.36,3.54,3.54,301500,0.014326647564469885
2018-11-06,3.53,3.72,3.37,3.48,3.48,201400,-0.016949152542372947
2018-11-07,3.6,3.8,3.41,3.8,3.8,332600,0.08510638297872353
2018-11-08,3.3,3.3,2.8,2.91,2.91,726900,-0.08196721311475397
2018-11-09,2.81,2.9,2.42,2.47,2.47,555600,-0.08196721311475397
2018-11-12,2.12,2.3,2.11,2.15,2.15,604800,-0.08196721311475397
2018-11-13,2.15,2.2,1.9,1.92,1.92,339900,-0.08196721311475397
2018-11-14,1.93,2.04,1.73,1.82,1.82,294400,-0.05208333333333326
2018-11-15,1.71,1.89,1.67,1.76,1.76,390400,-0.03296703296703296
2018-11-16,1.74,1.86,1.74,1.79,1.79,378300,0.017045454545454586
2018-11-19,1.74,1.78,1.62,1.7,1.7,415100,-0.05027932960893855
2018-11-20,1.69,1.7,1.62,1.63,1.63,245300,-0.04117647058823537
2018-11-21,1.62,1.75,1.62,1.67,1.67,144000,0.024539877300613577
2018-11-23,1.57,1.72,1.56,1.6,1.6,132900,-0.041916167664670545
2018-11-26,1.74,2.08,1.73,2.08,2.08,1994500,0.08510638297872353
2018-11-27,1.95,2.04,1.88,1.95,1.95,422900,-0.0625
2018-11-28,1.94,2.0,1.63,1.73,1.73,672900,-0.08196721311475397
2018-11-29,1.66,1.88,1.66,1.79,1.79,173900,0.034682080924855585
2018-11-30,1.75,1.77,1.7,1.7,1.7,119300,-0.05027932960893855
2018-12-03,1.81,1.81,1.72,1.78,1.78,162000,0.04705882352941182
2018-12-04,1.79,1.81,1.69,1.69,1.69,96900,-0.050561797752809
2018-12-06,1.69,1.71,1.53,1.61,1.61,188300,-0.047337278106508784
2018-12-07,1.7,1.76,1.62,1.68,1.68,225900,0.04347826086956519
2018-12-10,1.65,1.8,1.6,1.71,1.71,137300,0.017857142857142794
2018-12-11,1.79,1.79,1.45,1.51,1.51,632400,-0.08196721311475397
2018-12-12,1.52,1.56,1.46,1.47,1.47,130500,-0.026490066225165587
2018-12-13,1.41,1.51,1.41,1.48,1.48,67700,0.006802721088435382
2018-12-14,1.48,1.48,1.41,1.45,1.45,71300,-0.020270270270270285
2018-12-17,1.45,1.45,1.28,1.31,1.31,300900,-0.08196721311475397
2018-12-18,1.31,1.31,1.21,1.23,1.23,199200,-0.06106870229007644
2018-12-19,1.2,1.25,1.11,1.12,1.12,249900,-0.08196721311475397
2018-12-20,1.08,1.16,1.02,1.05,1.05,293800,-0.0625
2018-12-21,1.03,1.12,1.02,1.05,1.05,191100,0.0
2018-12-24,1.02,1.1,1.02,1.1,1.1,45300,0.04761904761904767
2018-12-26,1.14,1.23,1.06,1.16,1.16,148200,0.05454545454545445
2018-12-27,1.13,1.15,1.09,1.13,1.13,68800,-0.025862068965517238
2018-12-28,1.14,1.25,1.14,1.23,1.23,104800,0.08510638297872353
2018-12-31,1.26,1.29,1.15,1.17,1.17,109300,-0.04878048780487809
2019-01-02,1.15,1.32,1.1,1.28,1.28,172600,0.08510638297872353
2019-01-03,1.3,1.3,1.2,1.26,1.26,99300,-0.015625
2019-01-04,1.28,1.4,1.25,1.3,1.3,137800,0.031746031746031855
2019-01-07,1.35,1.39,1.28,1.38,1.38,237900,0.06153846153846132
2019-01-08,1.39,1.45,1.32,1.33,1.33,212400,-0.03623188405797084
2019-01-09,1.36,1.45,1.33,1.41,1.41,126100,0.0601503759398494
2019-01-10,1.41,1.58,1.39,1.54,1.54,225300,0.08510638297872353
2019-01-11,1.52,1.63,1.43,1.48,1.48,196200,-0.038961038961038974
2019-01-14,1.45,1.57,1.35,1.43,1.43,250100,-0.03378378378378377
2019-01-15,1.42,1.6,1.38,1.52,1.52,121100,0.06293706293706292
2019-01-16,1.53,1.62,1.47,1.54,1.54,129400,0.013157894736842035
2019-01-17,1.54,1.78,1.5,1.75,1.75,256200,0.08510638297872353
2019-01-18,1.79,2.2,1.79,1.87,1.87,513300,0.06857142857142873
2019-01-22,1.9,2.07,1.85,1.89,1.89,207800,0.010695187165775222
2019-01-23,1.92,1.92,1.62,1.75,1.75,192500,-0.07407407407407407
2019-01-24,1.72,1.81,1.67,1.74,1.74,119200,-0.005714285714285672
2019-01-25,1.73,1.8,1.67,1.71,1.71,91200,-0.017241379310344862
2019-01-28,1.72,1.82,1.72,1.8,1.8,98100,0.05263157894736836
2019-01-29,1.96,1.96,1.75,1.79,1.79,300900,-0.005555555555555536
2019-01-30,1.77,1.89,1.76,1.84,1.84,176200,0.027932960893854775
2019-01-31,1.89,1.93,1.76,1.85,1.85,128300,0.005434782608695565
2019-02-01,1.85,1.85,1.73,1.74,1.74,86500,-0.05945945945945952
2019-02-04,1.71,1.74,1.6,1.69,1.69,111400,-0.028735632183908066
2019-02-05,1.7,1.73,1.66,1.68,1.68,27000,-0.00591715976331364
2019-02-06,1.65,1.66,1.49,1.55,1.55,105300,-0.07738095238095233
2019-02-07,1.53,1.63,1.53,1.53,1.53,21400,-0.012903225806451646
2019-02-08,1.55,1.58,1.45,1.51,1.51,40900,-0.013071895424836666
2019-02-11,1.49,1.59,1.42,1.52,1.52,80600,0.0066225165562914245
2019-02-12,1.56,1.64,1.51,1.59,1.59,69700,0.046052631578947345
2019-02-13,1.59,1.75,1.57,1.64,1.64,171000,0.03144654088050314
2019-02-14,1.68,1.75,1.65,1.67,1.67,62900,0.018292682926829285
2019-02-15,1.68,1.74,1.61,1.64,1.64,141000,-0.017964071856287456
2019-02-19,1.6,1.7,1.59,1.64,1.64,67700,0.0
2019-02-20,1.6,1.81,1.59,1.71,1.71,87600,0.04268292682926833
2019-02-21,1.67,1.7,1.52,1.56,1.56,278600,-0.08196721311475397
2019-02-22,1.57,1.66,1.56,1.6,1.6,51500,0.025641025641025772
2019-02-25,1.6,1.65,1.52,1.55,1.55,160200,-0.03125
2019-02-26,1.55,1.6,1.5,1.58,1.58,145000,0.019354838709677358
2019-02-27,1.58,1.63,1.53,1.6,1.6,56500,0.012658227848101333
2019-02-28,1.6,1.61,1.53,1.6,1.6,104400,0.0
2019-03-01,1.61,1.65,1.57,1.63,1.63,81200,0.018749999999999822
2019-03-04,1.63,1.65,1.56,1.59,1.59,72700,-0.024539877300613355
2019-03-05,1.6,1.64,1.58,1.61,1.61,123500,0.012578616352201255
2019-03-06,1.6,1.6,1.46,1.49,1.49,248300,-0.07453416149068326
2019-03-07,1.46,1.55,1.46,1.52,1.52,135700,0.020134228187919545
2019-03-08,1.48,1.53,1.46,1.49,1.49,104800,-0.019736842105263164
2019-03-11,1.49,1.52,1.33,1.39,1.39,197700,-0.06711409395973156
2019-03-12,1.4,1.48,1.4,1.46,1.46,101100,0.05035971223021596
2019-03-13,1.46,1.55,1.4,1.43,1.43,117500,-0.020547945205479423
2019-03-14,1.42,1.43,1.36,1.36,1.36,64200,-0.04895104895104885
2019-03-15,1.36,1.4,1.35,1.38,1.38,30600,0.014705882352941124
2019-03-18,1.4,1.45,1.35,1.41,1.41,133000,0.021739130434782705
2019-03-19,1.41,1.43,1.35,1.36,1.36,41100,-0.03546099290780125
2019-03-20,1.36,1.43,1.31,1.34,1.34,89500,-0.014705882352941235
2019-03-21,1.33,1.41,1.33,1.33,1.33,122200,-0.007462686567164201
2019-03-22,1.32,1.4,1.32,1.33,1.33,50800,0.0
2019-03-25,1.31,1.37,1.31,1.36,1.36,31200,0.022556390977443552
2019-03-26,1.35,1.42,1.31,1.31,1.31,45000,-0.03676470588235292
2019-03-27,1.3,1.38,1.3,1.35,1.35,31700,0.03053435114503822
2019-03-28,1.35,1.42,1.3,1.35,1.35,62300,0.0
2019-03-29,1.4,1.44,1.3,1.32,1.32,125300,-0.022222222222222254
2019-04-01,1.35,1.38,1.33,1.34,1.34,64600,0.015151515151515138
2019-04-02,1.33,1.37,1.25,1.31,1.31,115200,-0.022388059701492602
2019-04-03,1.32,1.32,1.25,1.27,1.27,46100,-0.03053435114503822
2019-04-04,1.27,1.34,1.25,1.26,1.26,62600,-0.007874015748031482
2019-04-05,1.26,1.33,1.26,1.32,1.32,60700,0.04761904761904767
2019-04-08,1.32,1.34,1.29,1.34,1.34,31500,0.015151515151515138
2019-04-09,1.34,1.35,1.1,1.25,1.25,2199500,-0.0671641791044777
2019-04-10,1.26,1.37,1.22,1.27,1.27,148000,0.016000000000000014
2019-04-11,1.25,1.28,1.23,1.25,1.25,22700,-0.015748031496062964
2019-04-12,1.26,1.27,1.17,1.17,1.17,91700,-0.06400000000000006
2019-04-15,1.18,1.19,1.11,1.12,1.12,87400,-0.04273504273504258
2019-04-16,1.11,1.14,1.07,1.1,1.1,91600,-0.017857142857142905
2019-04-17,1.07,1.16,1.06,1.12,1.12,79400,0.0181818181818183
2019-04-18,1.12,1.22,1.06,1.09,1.09,113500,-0.0267857142857143
2019-04-22,1.08,1.13,1.03,1.04,1.04,437100,-0.04587155963302758
2019-04-23,1.04,1.08,1.03,1.04,1.04,154700,0.0
2019-04-24,1.02,1.06,1.02,1.02,1.02,86500,-0.019230769230769273
2019-04-25,1.03,1.06,0.91,1.0,1.0,288100,-0.019607843137254943
2019-04-26,0.99,1.04,0.97,1.02,1.02,155800,0.020000000000000018
2019-04-29,1.0,1.02,0.97,1.0,1.0,74800,-0.019607843137254943
2019-04-30,1.0,1.01,0.98,1.0,1.0,45800,0.0
2019-05-01,0.99,0.99,0.94,0.96,0.96,33900,-0.040000000000000036
2019-05-02,0.97,0.98,0.92,0.92,0.92,106400,-0.04166666666666663
2019-05-03,0.92,0.94,0.88,0.89,0.89,239600,-0.03260869565217395
2019-05-06,0.92,0.96,0.91,0.94,0.94,266500,0.05617977528089879
2019-05-07,0.99,1.01,0.94,0.94,0.94,281100,0.0
2019-05-08,1.0,1.04,0.99,1.02,1.02,106100,0.08510638297872353
2019-05-09,1.07,1.14,1.0,1.01,1.01,330700,-0.009803921568627416
2019-05-10,1.06,1.06,1.0,1.01,1.01,80500,0.0
2019-05-13,1.02,1.02,0.96,0.96,0.96,106600,-0.04950495049504955
2019-05-14,1.0,1.0,0.95,0.98,0.98,135600,0.02083333333333326
2019-05-15,1.0,1.01,0.98,1.0,1.0,60900,0.020408163265306145
2019-05-16,1.0,1.02,0.97,1.01,1.01,19300,0.010000000000000009
2019-05-17,1.02,1.02,1.0,1.02,1.02,25400,0.00990099009900991
2019-05-20,1.0,1.02,0.95,0.99,0.99,42600,-0.02941176470588236
2019-05-21,1.02,1.02,0.95,1.0,1.0,65600,0.010101010101010166
2019-05-22,1.0,1.0,0.95,0.96,0.96,30600,-0.040000000000000036
2019-05-23,0.95,0.95,0.91,0.92,0.92,86400,-0.04166666666666663
2019-05-24,0.95,0.96,0.92,0.95,0.95,42400,0.032608695652173836
2019-05-28,0.96,0.99,0.95,0.98,0.98,140900,0.03157894736842115
2019-05-29,0.98,1.04,0.98,1.03,1.03,239400,0.05102040816326525
2019-05-30,1.04,1.18,1.01,1.16,1.16,175600,0.08510638297872353
2019-05-31,1.16,1.18,1.1,1.13,1.13,68900,-0.025862068965517238
2019-06-03,1.11,1.16,1.05,1.08,1.08,44200,-0.044247787610619316
2019-06-04,1.05,1.19,1.05,1.19,1.19,130900,0.08510638297872353
2019-06-05,1.16,1.21,1.16,1.18,1.18,50400,-0.008403361344537785
2019-06-06,1.17,1.2,1.12,1.12,1.12,39400,-0.05084745762711851
2019-06-07,1.12,1.18,1.1,1.16,1.16,107900,0.03571428571428559
2019-06-10,1.2,1.2,1.1,1.14,1.14,96400,-0.017241379310344862
2019-06-11,1.14,1.16,1.1,1.11,1.11,32100,-0.02631578947368407
2019-06-12,1.15,1.15,1.09,1.1,1.1,114300,-0.009009009009009028
2019-06-13,1.12,1.14,1.06,1.13,1.13,81700,0.027272727272727115
2019-06-14,1.14,1.14,1.08,1.08,1.08,35500,-0.044247787610619316
2019-06-17,1.09,1.11,1.06,1.1,1.1,82300,0.0185185185185186
2019-06-18,1.1,1.1,1.07,1.08,1.08,103200,-0.018181818181818188
2019-06-19,1.06,1.09,1.05,1.05,1.05,45700,-0.02777777777777779
2019-06-20,1.08,1.09,1.06,1.07,1.07,27700,0.01904761904761898
2019-06-21,1.09,1.09,1.05,1.05,1.05,70000,-0.01869158878504673
2019-06-24,1.04,1.05,1.02,1.02,1.02,23000,-0.02857142857142858
2019-06-25,1.03,1.06,1.01,1.04,1.04,100500,0.019607843137254832
2019-06-26,1.04,1.07,1.04,1.04,1.04,76500,0.0
2019-06-27,1.03,1.07,1.01,1.01,1.01,23300,-0.028846153846153855
2019-06-28,1.01,1.06,1.01,1.01,1.01,86300,0.0
2019-07-01,1.04,1.04,1.01,1.02,1.02,43800,0.00990099009900991
2019-07-02,1.03,1.03,0.95,0.99,0.99,73500,-0.02941176470588236
2019-07-03,0.99,1.0,0.95,0.98,0.98,33400,-0.010101010101010055
2019-07-05,0.96,0.99,0.96,0.99,0.99,64800,0.010204081632652962
2019-07-08,0.96,1.0,0.96,0.98,0.98,24700,-0.010101010101010055
2019-07-09,0.95,0.98,0.95,0.97,0.97,24500,-0.010204081632653073
2019-07-10,0.99,1.0,0.98,0.99,0.99,79200,0.020618556701030855
2019-07-11,1.0,1.04,0.99,0.99,0.99,72400,0.0
2019-07-12,0.99,1.01,0.99,1.0,1.0,81400,0.010101010101010166
2019-07-15,1.01,1.01,0.95,0.97,0.97,83000,-0.030000000000000027
2019-07-16,1.0,1.0,0.98,0.99,0.99,62900,0.020618556701030855
2019-07-17,0.99,1.0,0.98,0.98,0.98,62200,-0.010101010101010055
2019-07-18,0.99,0.99,0.97,0.98,0.98,129600,0.0
2019-07-19,1.0,1.0,0.96,0.97,0.97,138300,-0.010204081632653073
2019-07-22,1.0,1.01,0.96,1.01,1.01,76000,0.04123711340206193
2019-07-23,0.99,1.02,0.99,0.99,0.99,33800,-0.01980198019801982
2019-07-24,0.98,1.02,0.98,0.98,0.98,24700,-0.010101010101010055
2019-07-25,1.0,1.0,0.96,0.97,0.97,42500,-0.010204081632653073
2019-07-26,0.97,0.98,0.97,0.98,0.98,26000,0.010309278350515427
2019-07-29,0.97,0.99,0.96,0.96,0.96,75300,-0.020408163265306145
2019-07-30,0.96,0.97,0.95,0.97,0.97,46700,0.01041666666666674
2019-07-31,0.95,0.99,0.94,0.94,0.94,229800,-0.030927835051546393
2019-08-01,0.91,0.96,0.89,0.89,0.89,179100,-0.05319148936170204
2019-08-02,0.91,0.93,0.9,0.92,0.92,37800,0.03370786516853941
2019-08-05,0.9,0.91,0.88,0.88,0.88,67200,-0.0434782608695653
2019-08-06,0.88,0.92,0.86,0.87,0.87,92800,-0.011363636363636354
2019-08-07,0.83,0.9,0.82,0.83,0.83,116600,-0.04597701149425293
2019-08-08,0.84,0.9,0.84,0.86,0.86,24500,0.03614457831325302
2019-08-09,0.88,0.91,0.88,0.9,0.9,26300,0.04651162790697683
2019-08-12,0.89,0.89,0.83,0.89,0.89,4700,-0.011111111111111072
2019-08-13,0.84,0.89,0.84,0.88,0.88,18900,-0.011235955056179803
2019-08-14,0.82,0.87,0.8,0.84,0.84,167700,-0.045454545454545525
2019-08-15,0.82,0.9,0.82,0.84,0.84,70900,0.0
2019-08-16,0.86,0.89,0.86,0.87,0.87,24400,0.03571428571428581
2019-08-19,0.91,0.91,0.87,0.88,0.88,20600,0.011494252873563315
2019-08-20,0.88,0.88,0.86,0.87,0.87,42100,-0.011363636363636354
2019-08-21,0.86,0.88,0.85,0.87,0.87,7800,0.0
2019-08-22,0.86,0.87,0.84,0.86,0.86,48500,-0.011494252873563204
2019-08-23,0.86,0.86,0.84,0.84,0.84,6700,-0.023255813953488413
2019-08-26,0.84,0.85,0.8,0.82,0.82,67100,-0.023809523809523836
2019-08-27,0.82,0.86,0.8,0.82,0.82,11500,0.0
2019-08-28,0.83,0.83,0.8,0.81,0.81,8200,-0.012195121951219412
2019-08-29,0.8,0.85,0.8,0.81,0.81,34700,0.0
2019-08-30,0.82,0.87,0.8,0.87,0.87,35800,0.07407407407407396
2019-09-03,0.87,0.87,0.8,0.86,0.86,15100,-0.011494252873563204
2019-09-04,0.86,0.86,0.8,0.83,0.83,12600,-0.03488372093023262
2019-09-05,0.81,0.86,0.8,0.86,0.86,23200,0.03614457831325302
2019-09-06,0.83,0.86,0.79,0.85,0.85,7700,-0.011627906976744207
2019-09-09,0.81,0.85,0.79,0.82,0.82,29000,-0.03529411764705881
2019-09-10,0.8,0.85,0.79,0.81,0.81,52900,-0.012195121951219412
2019-09-11,0.78,0.81,0.78,0.79,0.79,148300,-0.024691358024691357
2019-09-12,0.82,0.82,0.77,0.77,0.77,84200,-0.025316455696202556
2019-09-13,0.77,0.82,0.75,0.82,0.82,80000,0.06493506493506485
2019-09-16,0.8,0.87,0.75,0.86,0.86,78700,0.04878048780487809
2019-09-17,0.86,0.93,0.83,0.89,0.89,42700,0.03488372093023262
2019-09-18,0.91,0.91,0.86,0.88,0.88,16100,-0.011235955056179803
2019-09-19,0.86,0.89,0.83,0.83,0.83,19300,-0.05681818181818188
2019-09-20,0.83,0.85,0.81,0.84,0.84,68800,0.012048192771084265
2019-09-23,0.83,0.83,0.8,0.81,0.81,42100,-0.03571428571428559
2019-09-24,0.83,0.85,0.81,0.81,0.81,10100,0.0
2019-09-25,0.8,0.84,0.8,0.82,0.82,59000,0.012345679012345512
2019-09-26,0.83,0.92,0.79,0.89,0.89,107300,0.08510638297872353
2019-09-27,0.86,0.96,0.86,0.95,0.95,57300,0.0674157303370786
2019-09-30,0.93,0.98,0.89,0.98,0.98,17500,0.03157894736842115
2019-10-01,0.95,1.0,0.94,0.95,0.95,10800,-0.030612244897959218
2019-10-02,0.91,0.93,0.9,0.92,0.92,14200,-0.03157894736842093
2019-10-03,0.92,0.92,0.85,0.87,0.87,9900,-0.05434782608695654
2019-10-04,0.85,0.92,0.85,0.9,0.9,15000,0.034482758620689724
2019-10-07,0.86,0.92,0.85,0.89,0.89,14700,-0.011111111111111072
2019-10-08,0.91,0.91,0.9,0.9,0.9,1800,0.011235955056179803
2019-10-09,0.85,0.88,0.85,0.86,0.86,11100,-0.04444444444444451
2019-10-10,0.87,0.87,0.85,0.85,0.85,7300,-0.011627906976744207
2019-10-11,0.85,0.91,0.85,0.9,0.9,15300,0.05882352941176472
2019-10-14,0.91,0.92,0.87,0.92,0.92,64700,0.022222222222222143
2019-10-15,0.92,0.93,0.91,0.93,0.93,56200,0.010869565217391353
2019-10-16,0.93,0.93,0.92,0.92,0.92,4100,-0.010752688172043001
2019-10-17,0.94,0.94,0.92,0.93,0.93,7800,0.010869565217391353
2019-10-18,0.95,0.95,0.92,0.93,0.93,55600,0.0
2019-10-21,0.93,0.97,0.92,0.92,0.92,16400,-0.010752688172043001
2019-10-22,0.92,0.92,0.91,0.91,0.91,10200,-0.010869565217391353
2019-10-23,0.91,0.96,0.9,0.91,0.91,6700,0.0
2019-10-24,0.9,0.91,0.87,0.87,0.87,18800,-0.04395604395604402
2019-10-25,0.9,0.9,0.87,0.88,0.88,16900,0.011494252873563315
2019-10-28,0.9,0.91,0.89,0.9,0.9,10100,0.022727272727272707
2019-10-29,0.86,0.92,0.86,0.89,0.89,53800,-0.011111111111111072
2019-10-30,0.89,0.9,0.88,0.89,0.89,27300,0.0
2019-10-31,0.9,0.9,0.86,0.87,0.87,10800,-0.022471910112359605
2019-11-01,0.86,0.92,0.86,0.92,0.92,15200,0.05747126436781613
2019-11-04,0.93,0.95,0.91,0.93,0.93,17400,0.010869565217391353
2019-11-05,0.93,0.93,0.9,0.9,0.9,8100,-0.032258064516129115
2019-11-06,0.88,0.9,0.88,0.9,0.9,15400,0.0
2019-11-07,0.88,0.91,0.88,0.9,0.9,62500,0.0
2019-11-08,0.9,1.05,0.9,0.94,0.94,119600,0.04444444444444429
2019-11-11,0.93,0.99,0.89,0.92,0.92,29900,-0.02127659574468077
2019-11-12,0.94,0.95,0.85,0.88,0.88,34100,-0.0434782608695653
2019-11-13,0.86,0.93,0.85,0.89,0.89,29000,0.011363636363636465
2019-11-14,0.92,0.92,0.88,0.89,0.89,32900,0.0
2019-11-15,0.92,0.93,0.9,0.91,0.91,17100,0.022471910112359605
2019-11-18,0.89,0.92,0.88,0.92,0.92,31900,0.01098901098901095
2019-11-19,0.88,0.9,0.88,0.9,0.9,14200,-0.021739130434782594
2019-11-20,0.9,0.91,0.86,0.86,0.86,21300,-0.04444444444444451
2019-11-21,0.88,0.89,0.85,0.85,0.85,20700,-0.011627906976744207
2019-11-22,0.88,0.91,0.85,0.9,0.9,68900,0.05882352941176472
2019-11-25,0.88,0.95,0.88,0.95,0.95,83800,0.05555555555555558
2019-11-26,0.95,0.95,0.89,0.93,0.93,22700,-0.021052631578947323
2019-11-27,0.96,0.96,0.93,0.93,0.93,16400,0.0
2019-11-29,0.93,0.94,0.91,0.92,0.92,8100,-0.010752688172043001
2019-12-02,0.96,0.96,0.9,0.92,0.92,3900,0.0
2019-12-03,0.9,0.9,0.84,0.85,0.85,32400,-0.07608695652173925
2019-12-04,0.87,0.9,0.84,0.84,0.84,22700,-0.0117647058823529
2019-12-05,0.85,0.86,0.83,0.83,0.83,18000,-0.011904761904761862
2019-12-06,0.87,0.87,0.83,0.83,0.83,13600,0.0
2019-12-09,0.83,0.85,0.83,0.84,0.84,31400,0.012048192771084265
2019-12-10,0.86,0.87,0.82,0.83,0.83,18000,-0.011904761904761862
2019-12-11,0.85,0.85,0.82,0.84,0.84,11000,0.012048192771084265
2019-12-12,0.87,0.87,0.84,0.84,0.84,9800,0.0
2019-12-13,0.84,0.85,0.83,0.85,0.85,12900,0.011904761904761862
2019-12-16,0.85,0.85,0.8,0.82,0.82,39200,-0.03529411764705881
2019-12-17,0.81,0.85,0.81,0.85,0.85,41900,0.03658536585365857
2019-12-18,0.84,0.87,0.84,0.86,0.86,14500,0.0117647058823529
2019-12-19,0.87,0.9,0.85,0.88,0.88,57100,0.023255813953488413
2019-12-20,0.85,0.88,0.85,0.87,0.87,6700,-0.011363636363636354
2019-12-23,0.87,0.88,0.87,0.88,0.88,23700,0.011494252873563315
2019-12-24,0.88,0.89,0.86,0.87,0.87,20200,-0.011363636363636354
2019-12-26,0.85,0.88,0.85,0.87,0.87,11000,0.0
2019-12-27,0.87,0.87,0.82,0.82,0.82,44300,-0.05747126436781613
2019-12-30,0.84,0.85,0.83,0.83,0.83,39400,0.012195121951219523
2019-12-31,0.82,0.85,0.82,0.82,0.82,9000,-0.012048192771084376
2020-01-02,0.84,0.84,0.82,0.83,0.83,18100,0.012195121951219523
2020-01-03,0.84,0.85,0.81,0.82,0.82,37000,-0.012048192771084376
2020-01-06,0.84,0.86,0.82,0.86,0.86,21300,0.04878048780487809
2020-01-07,0.87,0.87,0.82,0.86,0.86,15400,0.0
2020-01-08,0.87,0.87,0.81,0.85,0.85,15600,-0.011627906976744207
2020-01-09,0.82,0.86,0.82,0.84,0.84,4800,-0.0117647058823529
2020-01-10,0.84,0.85,0.83,0.83,0.83,1300,-0.011904761904761862
2020-01-13,0.81,0.82,0.8,0.8,0.8,33000,-0.036144578313252906
2020-01-14,0.8,0.83,0.8,0.83,0.83,34000,0.03749999999999987
2020-01-15,0.8,0.83,0.79,0.79,0.79,39200,-0.04819277108433728
2020-01-16,0.8,0.8,0.79,0.8,0.8,18500,0.012658227848101333
2020-01-17,0.79,0.81,0.79,0.81,0.81,6800,0.012499999999999956
2020-01-21,0.79,0.8,0.79,0.8,0.8,15500,-0.012345679012345734
2020-01-22,0.78,0.79,0.78,0.79,0.79,13400,-0.012499999999999956
2020-01-23,0.78,0.79,0.78,0.78,0.78,21000,-0.012658227848101222
2020-01-24,0.77,0.78,0.76,0.76,0.76,11700,-0.02564102564102566
2020-01-27,0.75,0.75,0.7,0.7,0.7,33300,-0.07894736842105265
2020-01-28,0.7,0.72,0.7,0.72,0.72,11900,0.028571428571428692
2020-01-29,0.72,0.75,0.72,0.72,0.72,10900,0.0
2020-01-30,0.71,0.72,0.71,0.72,0.72,20200,0.0
2020-01-31,0.74,0.74,0.71,0.73,0.73,28600,0.01388888888888884
2020-02-03,0.74,0.74,0.73,0.74,0.74,5500,0.013698630136986356
2020-02-04,0.74,0.74,0.72,0.74,0.74,16800,0.0
2020-02-05,0.73,0.74,0.73,0.74,0.74,26900,0.0
2020-02-06,0.73,0.74,0.72,0.73,0.73,20400,-0.013513513513513487
2020-02-07,0.72,0.76,0.71,0.76,0.76,28700,0.041095890410958846
2020-02-10,0.71,0.75,0.69,0.7,0.7,40500,-0.07894736842105265
2020-02-11,0.71,0.72,0.7,0.71,0.71,44200,0.014285714285714235
2020-02-12,0.7,0.72,0.65,0.68,0.68,133100,-0.042253521126760396
2020-02-13,0.7,0.71,0.67,0.68,0.68,78900,0.0
2020-02-14,0.68,0.7,0.66,0.68,0.68,22600,0.0
2020-02-18,0.65,0.66,0.63,0.65,0.65,27200,-0.044117647058823595
2020-02-19,0.65,0.66,0.6,0.6,0.6,120700,-0.07692307692307698
2020-02-20,0.6,0.63,0.58,0.62,0.62,128200,0.03333333333333344
2020-02-21,0.62,0.66,0.62,0.65,0.65,70100,0.048387096774193505
2020-02-24,0.65,0.67,0.64,0.65,0.65,26500,0.0
2020-02-25,0.69,0.7,0.62,0.62,0.62,88800,-0.04615384615384621
2020-02-26,0.6,0.64,0.6,0.62,0.62,38100,0.0
2020-02-27,0.62,0.62,0.6,0.61,0.61,50700,-0.016129032258064502
2020-02-28,0.6,0.62,0.6,0.61,0.61,84900,0.0
2020-03-02,0.6,0.61,0.58,0.6,0.6,23900,-0.016393442622950838
2020-03-03,0.61,0.63,0.6,0.62,0.62,17400,0.03333333333333344
2020-03-04,0.62,0.67,0.62,0.66,0.66,20200,0.06451612903225823
2020-03-05,0.64,0.65,0.6,0.61,0.61,30900,-0.0757575757575758
2020-03-06,0.58,0.65,0.58,0.63,0.63,26400,0.032786885245901676
2020-03-09,0.58,0.6,0.5,0.53,0.53,45900,-0.08196721311475397
2020-03-10,0.58,0.6,0.56,0.58,0.58,32000,0.08510638297872353
2020-03-11,0.57,0.57,0.45,0.48,0.48,67500,-0.08196721311475397
2020-03-12,0.42,0.44,0.32,0.38,0.38,107600,-0.08196721311475397
2020-03-13,0.39,0.45,0.39,0.4,0.4,41400,0.05263157894736836
2020-03-16,0.77,0.77,0.39,0.39,0.39,87200,-0.025000000000000022
2020-03-17,0.35,0.35,0.28,0.32,0.32,28000,-0.08196721311475397
2020-03-18,0.35,0.35,0.2,0.32,0.32,64900,0.0
2020-03-19,0.32,0.32,0.22,0.3,0.3,29800,-0.0625
2020-03-20,0.32,0.32,0.3,0.3,0.3,14300,0.0
2020-03-23,0.31,0.31,0.26,0.29,0.29,26200,-0.033333333333333326
2020-03-24,0.31,0.34,0.29,0.33,0.33,24700,0.08510638297872353
2020-03-25,0.33,0.34,0.3,0.31,0.31,23800,-0.06060606060606066
2020-03-26,0.34,0.37,0.34,0.36,0.36,48900,0.08510638297872353
2020-03-27,0.33,0.35,0.25,0.33,0.33,44000,-0.08196721311475397
2020-03-30,0.35,0.35,0.33,0.33,0.33,15900,0.0
2020-03-31,0.4,0.4,0.34,0.35,0.35,14700,0.06060606060606055
2020-04-01,0.36,0.37,0.33,0.33,0.33,46700,-0.05714285714285705
2020-04-02,0.33,0.43,0.28,0.28,0.28,274900,-0.08196721311475397
2020-04-03,0.32,0.33,0.29,0.3,0.3,62300,0.0714285714285714
2020-04-06,0.26,0.3,0.26,0.29,0.29,36300,-0.033333333333333326
2020-04-07,0.31,0.32,0.26,0.27,0.27,55800,-0.06896551724137923
2020-04-08,0.26,0.64,0.26,0.36,0.36,463700,0.08510638297872353
2020-04-09,0.55,0.82,0.35,0.37,0.37,4655600,0.0277777777777779
2020-04-13,0.49,0.49,0.37,0.39,0.39,797600,0.05405405405405417
2020-04-14,0.34,0.37,0.31,0.33,0.33,373400,-0.08196721311475397
2020-04-15,0.33,0.33,0.32,0.33,0.33,177600,0.0
2020-04-16,0.34,0.34,0.3,0.3,0.3,340000,-0.08196721311475397
2020-04-17,0.3,0.35,0.29,0.31,0.31,557700,0.03333333333333344
2020-04-20,0.31,0.32,0.26,0.31,0.31,184800,0.0
2020-04-21,0.3,0.32,0.3,0.3,0.3,125900,-0.032258064516129115
2020-04-22,0.3,0.38,0.3,0.36,0.36,461800,0.08510638297872353
2020-04-23,0.4,0.45,0.32,0.41,0.41,1992800,0.08510638297872353
2020-04-24,0.45,0.49,0.39,0.43,0.43,1007500,0.04878048780487809
2020-04-27,0.43,0.49,0.42,0.46,0.46,488500,0.06976744186046524
2020-04-28,0.45,0.47,0.44,0.45,0.45,155900,-0.021739130434782594
2020-04-29,0.47,0.47,0.42,0.43,0.43,160100,-0.04444444444444451
2020-04-30,0.43,0.44,0.4,0.42,0.42,41700,-0.023255813953488413
2020-05-01,0.42,0.43,0.39,0.42,0.42,43700,0.0
2020-05-04,0.42,0.42,0.4,0.41,0.41,22200,-0.023809523809523836
2020-05-05,0.41,0.46,0.41,0.41,0.41,39800,0.0
2020-05-06,0.42,0.44,0.39,0.41,0.41,43800,0.0
2020-05-07,0.41,0.46,0.41,0.44,0.44,111500,0.07317073170731714
2020-05-08,0.61,0.71,0.51,0.69,0.69,1029100,0.08510638297872353
2020-05-11,0.71,0.77,0.65,0.72,0.72,255700,0.04347826086956519
2020-05-12,0.72,0.77,0.7,0.75,0.75,141600,0.04166666666666674
2020-05-13,0.75,0.76,0.7,0.73,0.73,67400,-0.026666666666666727
2020-05-14,0.68,0.71,0.53,0.67,0.67,72300,-0.08196721311475397
2020-05-15,0.65,0.77,0.65,0.77,0.77,77100,0.08510638297872353
2020-05-18,0.75,0.78,0.75,0.78,0.78,47400,0.012987012987013102
2020-05-19,0.78,0.87,0.78,0.86,0.86,145000,0.08510638297872353
2020-05-20,0.86,0.86,0.84,0.85,0.85,57500,-0.011627906976744207
2020-05-21,0.85,0.85,0.85,0.85,0.85,18800,0.0
2020-05-22,0.84,0.86,0.84,0.85,0.85,32000,0.0
2020-05-26,0.86,0.86,0.84,0.86,0.86,24700,0.0117647058823529
2020-05-27,0.84,0.86,0.83,0.85,0.85,36700,-0.011627906976744207
2020-05-28,0.85,0.86,0.84,0.84,0.84,57500,-0.0117647058823529
2020-05-29,0.82,0.82,0.67,0.76,0.76,61400,-0.08196721311475397
2020-06-01,0.75,0.79,0.74,0.79,0.79,11700,0.03947368421052633
2020-06-02,0.8,0.82,0.75,0.77,0.77,24600,-0.025316455696202556
2020-06-03,0.75,0.76,0.73,0.73,0.73,48400,-0.051948051948051965
2020-06-04,0.75,0.78,0.73,0.76,0.76,75500,0.041095890410958846
2020-06-05,0.76,0.8,0.75,0.8,0.8,76900,0.05263157894736836
2020-06-08,0.82,0.92,0.8,0.92,0.92,132500,0.08510638297872353
2020-06-09,0.92,1.02,0.92,0.98,0.98,189600,0.06521739130434767
2020-06-10,1.02,1.05,0.95,0.96,0.96,195400,-0.020408163265306145
2020-06-11,0.91,0.96,0.91,0.94,0.94,49500,-0.02083333333333337
2020-06-12,0.91,0.96,0.91,0.95,0.95,37600,0.010638297872340496
2020-06-15,0.96,0.97,0.94,0.95,0.95,17300,0.0
2020-06-16,0.93,1.0,0.92,0.97,0.97,36700,0.021052631578947434
2020-06-17,0.97,1.01,0.97,1.01,1.01,77300,0.04123711340206193
2020-06-18,1.01,1.02,0.92,0.95,0.95,108100,-0.05940594059405946
2020-06-19,0.93,0.98,0.79,0.86,0.86,77700,-0.08196721311475397
2020-06-22,0.84,0.89,0.83,0.85,0.85,12000,-0.011627906976744207
2020-06-23,0.86,0.86,0.82,0.85,0.85,7200,0.0
2020-06-24,0.83,0.83,0.75,0.76,0.76,53100,-0.08196721311475397
2020-06-25,0.76,0.82,0.76,0.77,0.77,8300,0.013157894736842035
2020-06-26,0.8,0.86,0.73,0.82,0.82,17800,0.06493506493506485
2020-06-29,0.86,0.86,0.74,0.76,0.76,20000,-0.07317073170731703
2020-06-30,0.74,0.8,0.74,0.74,0.74,27100,-0.02631578947368418
2020-07-01,0.77,0.8,0.74,0.78,0.78,8100,0.05405405405405417
2020-07-02,0.82,0.82,0.71,0.73,0.73,23600,-0.06410256410256421
2020-07-06,0.71,0.76,0.71,0.73,0.73,5700,0.0
2020-07-07,0.69,0.73,0.65,0.72,0.72,14600,-0.013698630136986356
2020-07-08,0.74,0.74,0.64,0.64,0.64,37500,-0.08196721311475397
2020-07-09,0.64,0.7,0.64,0.67,0.67,21900,0.046875
2020-07-10,0.67,0.67,0.64,0.65,0.65,12600,-0.02985074626865669
2020-07-13,0.64,0.75,0.63,0.63,0.63,63400,-0.03076923076923077
2020-07-14,0.63,0.66,0.63,0.66,0.66,34700,0.04761904761904767
2020-07-15,0.68,0.71,0.68,0.71,0.71,15500,0.07575757575757569
2020-07-16,0.65,0.71,0.65,0.7,0.7,3200,-0.014084507042253502
2020-07-17,0.67,0.72,0.65,0.72,0.72,7200,0.028571428571428692
2020-07-20,0.69,0.75,0.69,0.71,0.71,14100,-0.01388888888888895
2020-07-21,0.7,0.74,0.7,0.71,0.71,23200,0.0
2020-07-22,0.71,0.72,0.67,0.7,0.7,18000,-0.014084507042253502
2020-07-23,0.7,0.75,0.7,0.71,0.71,44200,0.014285714285714235
2020-07-24,0.69,0.74,0.68,0.69,0.69,14000,-0.028169014084507116
2020-07-27,0.75,0.75,0.65,0.67,0.67,33700,-0.02898550724637672
2020-07-28,0.65,0.7,0.65,0.66,0.66,12200,-0.014925373134328401
2020-07-29,0.68,0.68,0.66,0.68,0.68,12700,0.030303030303030276
2020-07-30,0.68,0.68,0.6,0.64,0.64,46200,-0.05882352941176472
2020-07-31,0.62,0.65,0.59,0.63,0.63,37900,-0.015625
2020-08-03,0.62,0.65,0.62,0.63,0.63,17900,0.0
2020-08-04,0.63,0.63,0.59,0.62,0.62,12700,-0.015873015873015928
2020-08-05,0.6,0.64,0.58,0.62,0.62,39800,0.0
2020-08-06,0.65,0.67,0.61,0.65,0.65,50700,0.048387096774193505
2020-08-07,0.66,0.66,0.52,0.55,0.55,179900,-0.08196721311475397
2020-08-10,0.77,0.77,0.57,0.69,0.69,414000,0.08510638297872353
2020-08-11,0.6,0.65,0.59,0.62,0.62,73000,-0.08196721311475397
2020-08-12,0.61,0.64,0.61,0.61,0.61,21800,-0.016129032258064502
2020-08-13,0.63,0.65,0.55,0.56,0.56,156700,-0.08196721311475397
2020-08-14,0.59,0.61,0.54,0.55,0.55,92800,-0.017857142857142905
2020-08-17,0.54,0.54,0.52,0.52,0.52,52400,-0.054545454545454564
2020-08-18,0.53,0.54,0.47,0.48,0.48,134600,-0.07692307692307698
2020-08-19,0.52,0.54,0.49,0.5,0.5,36100,0.04166666666666674
2020-08-20,0.46,0.49,0.46,0.47,0.47,23400,-0.06000000000000005
2020-08-21,0.48,0.5,0.47,0.5,0.5,29400,0.06382978723404253
2020-08-24,0.51,0.53,0.42,0.42,0.42,289500,-0.08196721311475397
2020-08-25,0.52,0.52,0.43,0.44,0.44,55400,0.04761904761904767
2020-08-26,0.44,0.45,0.4,0.41,0.41,69400,-0.06818181818181823
2020-08-27,0.43,0.45,0.4,0.41,0.41,76400,0.0
2020-08-28,0.42,0.45,0.39,0.4,0.4,176100,-0.024390243902438935
2020-08-31,0.41,0.42,0.38,0.39,0.39,198700,-0.025000000000000022
2020-09-01,0.38,0.4,0.38,0.39,0.39,17100,0.0
2020-09-02,0.39,0.42,0.35,0.35,0.35,133900,-0.08196721311475397
2020-09-03,0.36,0.39,0.36,0.36,0.36,33800,0.028571428571428692
2020-09-04,0.35,0.37,0.32,0.35,0.35,70600,-0.02777777777777779
2020-09-08,0.38,0.38,0.36,0.36,0.36,24600,0.028571428571428692
2020-09-09,0.37,0.37,0.35,0.35,0.35,25600,-0.02777777777777779
2020-09-10,0.36,0.36,0.34,0.34,0.34,27700,-0.02857142857142847
2020-09-11,0.34,0.36,0.33,0.33,0.33,26600,-0.02941176470588236
2020-09-14,0.35,0.35,0.33,0.33,0.33,8400,0.0
2020-09-15,0.34,0.44,0.33,0.41,0.41,229700,0.08510638297872353
2020-09-16,0.42,0.43,0.36,0.41,0.41,101400,0.0
2020-09-17,0.37,0.41,0.37,0.41,0.41,63400,0.0
2020-09-18,0.41,0.44,0.38,0.39,0.39,217200,-0.04878048780487798
2020-09-21,0.37,0.39,0.36,0.38,0.38,65400,-0.02564102564102566
2020-09-22,0.38,0.39,0.35,0.35,0.35,91100,-0.07894736842105265
2020-09-23,0.35,0.36,0.33,0.33,0.33,56500,-0.05714285714285705
2020-09-24,0.33,0.4,0.33,0.38,0.38,159000,0.08510638297872353
2020-09-25,0.4,0.43,0.36,0.41,0.41,322000,0.07894736842105265
2020-09-28,0.43,0.52,0.41,0.48,0.48,387800,0.08510638297872353
2020-09-29,0.53,0.55,0.41,0.47,0.47,395000,-0.02083333333333337
2020-09-30,0.45,0.48,0.38,0.41,0.41,238100,-0.08196721311475397
2020-10-01,0.41,0.44,0.39,0.4,0.4,59800,-0.024390243902438935
2020-10-02,0.4,0.43,0.39,0.42,0.42,34500,0.04999999999999982
2020-10-05,0.42,0.44,0.39,0.4,0.4,92100,-0.04761904761904756
2020-10-06,0.39,0.41,0.33,0.36,0.36,109000,-0.08196721311475397
2020-10-07,0.39,0.39,0.36,0.36,0.36,76500,0.0
2020-10-08,0.37,0.51,0.36,0.41,0.41,1298600,0.08510638297872353
2020-10-09,0.73,0.92,0.53,0.6,0.6,15228000,0.08510638297872353
2020-10-12,0.55,0.57,0.52,0.54,0.54,829000,-0.08196721311475397
2020-10-13,0.51,0.51,0.45,0.47,0.47,400200,-0.08196721311475397
2020-10-14,0.49,0.49,0.42,0.46,0.46,214800,-0.02127659574468077
2020-10-15,0.44,0.46,0.4,0.43,0.43,136800,-0.0652173913043479
2020-10-16,0.43,0.44,0.42,0.42,0.42,70700,-0.023255813953488413
2020-10-19,0.4,0.43,0.4,0.42,0.42,194800,0.0
2020-10-20,0.41,0.51,0.41,0.45,0.45,414000,0.0714285714285714
2020-10-21,0.46,0.48,0.45,0.45,0.45,78800,0.0
2020-10-22,0.45,0.46,0.44,0.45,0.45,94400,0.0
2020-10-23,0.47,0.49,0.45,0.47,0.47,269500,0.04444444444444429
2020-10-26,0.46,0.48,0.44,0.47,0.47,121100,0.0
2020-10-27,0.47,0.48,0.45,0.45,0.45,110500,-0.04255319148936165
2020-10-28,0.45,0.47,0.41,0.43,0.43,106400,-0.04444444444444451
2020-10-29,0.42,0.44,0.41,0.43,0.43,323200,0.0
2020-10-30,0.56,0.62,0.47,0.49,0.49,5332100,0.08510638297872353
2020-11-02,0.5,0.5,0.43,0.43,0.43,296700,-0.08196721311475397
2020-11-03,0.43,0.43,0.42,0.43,0.43,166600,0.0
2020-11-04,0.42,0.44,0.41,0.44,0.44,155100,0.023255813953488413
2020-11-05,0.42,0.48,0.42,0.48,0.48,194400,0.08510638297872353
2020-11-06,0.42,0.46,0.41,0.43,0.43,384200,-0.08196721311475397
2020-11-09,0.43,0.47,0.43,0.46,0.46,544300,0.06976744186046524
2020-11-10,0.45,0.46,0.44,0.44,0.44,87500,-0.0434782608695653
2020-11-11,0.44,0.46,0.43,0.45,0.45,95900,0.022727272727272707
2020-11-12,0.45,0.47,0.45,0.45,0.45,240600,0.0
2020-11-13,0.47,0.5,0.44,0.45,0.45,560300,0.0
2020-11-16,0.45,0.45,0.43,0.44,0.44,114500,-0.022222222222222254
2020-11-17,0.43,0.46,0.43,0.46,0.46,89200,0.045454545454545414
2020-11-18,0.45,0.47,0.44,0.46,0.46,102400,0.0
2020-11-19,0.44,0.47,0.43,0.45,0.45,415600,-0.021739130434782594
2020-11-20,0.46,0.46,0.43,0.44,0.44,75000,-0.022222222222222254
2020-11-23,0.43,0.45,0.43,0.44,0.44,165800,0.0
2020-11-24,0.45,0.51,0.44,0.46,0.46,650000,0.045454545454545414
2020-11-25,0.47,0.48,0.44,0.48,0.48,264100,0.04347826086956519
2020-11-27,0.49,0.53,0.47,0.5,0.5,262600,0.04166666666666674
2020-11-30,0.52,0.52,0.46,0.46,0.46,143000,-0.07999999999999996
2020-12-01,0.5,0.52,0.48,0.51,0.51,308200,0.08510638297872353
2020-12-02,0.54,0.54,0.48,0.52,0.52,123600,0.019607843137254832
2020-12-03,0.54,0.54,0.5,0.51,0.51,136800,-0.019230769230769273
2020-12-04,0.51,0.53,0.5,0.52,0.52,172200,0.019607843137254832
2020-12-07,0.53,0.53,0.49,0.51,0.51,1167300,-0.019230769230769273
2020-12-08,0.6,0.61,0.5,0.55,0.55,1202800,0.07843137254901977
2020-12-09,0.52,0.54,0.47,0.48,0.48,579400,-0.08196721311475397
2020-12-10,0.51,0.65,0.49,0.58,0.58,1638700,0.08510638297872353
2020-12-11,0.54,0.56,0.51,0.54,0.54,305000,-0.06896551724137923
2020-12-14,0.54,0.54,0.5,0.51,0.51,267000,-0.05555555555555558
2020-12-15,0.52,0.52,0.48,0.51,0.51,216700,0.0
2020-12-16,0.51,0.52,0.49,0.5,0.5,111600,-0.019607843137254943
2020-12-17,0.5,0.51,0.49,0.5,0.5,121000,0.0
2020-12-18,0.49,0.55,0.49,0.51,0.51,235700,0.020000000000000018
2020-12-21,0.52,0.53,0.49,0.49,0.49,154800,-0.03921568627450989
2020-12-22,0.5,0.52,0.49,0.5,0.5,66000,0.020408163265306145
2020-12-23,0.54,0.54,0.5,0.53,0.53,549500,0.06000000000000005
2020-12-24,0.54,0.64,0.52,0.57,0.57,1541000,0.07547169811320731
2020-12-28,0.57,0.6,0.51,0.53,0.53,430100,-0.07017543859649111
2020-12-29,0.58,0.58,0.52,0.52,0.52,86400,-0.018867924528301883
2020-12-30,0.54,0.57,0.52,0.56,0.56,162800,0.0769230769230771
2020-12-31,0.6,0.65,0.56,0.6,0.6,651500,0.0714285714285714
2021-01-04,0.62,0.62,0.56,0.6,0.6,257400,0.0
2021-01-05,0.59,0.73,0.59,0.71,0.71,993500,0.08510638297872353
2021-01-06,0.71,0.72,0.61,0.62,0.62,604600,-0.08196721311475397
2021-01-07,0.63,0.7,0.62,0.67,0.67,299000,0.08064516129032273
2021-01-08,0.7,0.7,0.64,0.67,0.67,176200,0.0
2021-01-11,0.69,0.73,0.65,0.7,0.7,526000,0.04477611940298498
2021-01-12,0.77,0.77,0.69,0.73,0.73,494200,0.04285714285714293
2021-01-13,0.79,0.82,0.75,0.79,0.79,408600,0.08219178082191791
2021-01-14,0.75,0.78,0.73,0.75,0.75,2895400,-0.05063291139240511
2021-01-15,0.8,0.97,0.77,0.8,0.8,4656800,0.06666666666666665
2021-01-19,0.73,0.77,0.7,0.76,0.76,1650600,-0.050000000000000044
2021-01-20,0.85,0.85,0.77,0.82,0.82,1293100,0.07894736842105265
2021-01-21,0.8,1.03,0.8,0.94,0.94,3320800,0.08510638297872353
2021-01-22,0.95,0.97,0.9,0.96,0.96,1767800,0.02127659574468077
2021-01-25,1.0,1.08,0.85,0.97,0.97,3142300,0.01041666666666674
2021-01-26,0.98,0.99,0.9,0.92,0.92,1244300,-0.05154639175257725
2021-01-27,0.86,0.87,0.77,0.81,0.81,1136800,-0.08196721311475397
2021-01-28,0.82,1.15,0.8,1.14,1.14,11020900,0.08510638297872353
2021-01-29,0.99,1.0,0.9,0.91,0.91,2839200,-0.08196721311475397
2021-02-01,0.92,0.96,0.87,0.89,0.89,2365000,-0.02197802197802201
2021-02-02,0.92,0.92,0.85,0.88,0.88,2220700,-0.011235955056179803
2021-02-03,0.88,0.98,0.87,0.95,0.95,2997100,0.07954545454545459
2021-02-04,0.93,0.93,0.88,0.92,0.92,1586100,-0.03157894736842093
2021-02-05,0.91,0.95,0.89,0.91,0.91,1210500,-0.010869565217391353
2021-02-08,0.91,1.01,0.91,0.96,0.96,2000100,0.05494505494505497
2021-02-09,0.99,1.14,0.97,1.1,1.1,2350800,0.08510638297872353
2021-02-10,1.11,1.2,1.01,1.15,1.15,2366300,0.04545454545454519
2021-02-11,1.2,1.28,1.11,1.16,1.16,1462600,0.008695652173912993
2021-02-12,1.16,1.17,1.12,1.16,1.16,698300,0.0
2021-02-16,1.2,1.44,1.17,1.4,1.4,2883000,0.08510638297872353
2021-02-17,1.36,1.36,1.2,1.27,1.27,1230900,-0.08196721311475397
2021-02-18,1.26,1.27,1.12,1.14,1.14,971600,-0.08196721311475397
2021-02-19,1.1,1.19,1.06,1.15,1.15,730000,0.00877192982456143
2021-02-22,1.09,1.32,1.09,1.25,1.25,3234200,0.08510638297872353
2021-02-23,1.12,1.13,0.93,1.05,1.05,1622400,-0.08196721311475397
2021-02-24,1.05,1.24,1.05,1.13,1.13,3170600,0.07619047619047614
2021-02-25,1.06,1.11,1.01,1.04,1.04,937900,-0.07964601769911495
2021-02-26,1.0,1.02,0.91,0.95,0.95,1027900,-0.08196721311475397
2021-03-01,0.96,1.05,0.95,1.01,1.01,785100,0.06315789473684208
2021-03-02,1.05,1.09,1.0,1.01,1.01,469700,0.0
2021-03-03,1.0,1.02,0.94,1.01,1.01,548500,0.0
2021-03-04,0.96,1.02,0.88,0.94,0.94,742600,-0.06930693069306937
2021-03-05,0.93,0.97,0.89,0.96,0.96,547100,0.02127659574468077
2021-03-08,0.93,1.05,0.93,1.0,1.0,383700,0.04166666666666674
2021-03-09,1.03,1.04,0.96,0.99,0.99,333900,-0.010000000000000009
2021-03-10,1.01,1.1,0.97,1.07,1.07,1812000,0.08080808080808088
2021-03-11,1.01,1.07,0.97,1.05,1.05,924800,-0.01869158878504673
2021-03-12,1.0,1.05,1.0,1.01,1.01,462100,-0.03809523809523818
2021-03-15,1.04,1.07,1.01,1.06,1.06,702200,0.04950495049504955
2021-03-16,1.07,1.07,1.0,1.02,1.02,303300,-0.037735849056603765
2021-03-17,0.99,1.03,0.98,1.0,1.0,203800,-0.019607843137254943
2021-03-18,1.02,1.04,0.94,0.94,0.94,439200,-0.06000000000000005
2021-03-19,0.97,1.0,0.94,0.99,0.99,207100,0.05319148936170226
2021-03-22,0.95,1.01,0.95,0.96,0.96,396100,-0.030303030303030276
2021-03-23,0.96,0.99,0.92,0.92,0.92,416800,-0.04166666666666663
2021-03-24,0.93,0.95,0.85,0.88,0.88,391800,-0.0434782608695653
2021-03-25,0.86,0.88,0.79,0.83,0.83,541600,-0.05681818181818188
2021-03-26,0.86,0.87,0.8,0.83,0.83,182700,0.0
2021-03-29,0.86,0.95,0.81,0.94,0.94,696400,0.08510638297872353
2021-03-30,0.86,0.88,0.84,0.86,0.86,270700,-0.08196721311475397
2021-03-31,0.88,0.89,0.84,0.89,0.89,97100,0.03488372093023262
2021-04-01,0.88,0.95,0.85,0.92,0.92,212800,0.03370786516853941
2021-04-05,0.93,0.93,0.87,0.89,0.89,118800,-0.03260869565217395
2021-04-06,0.88,0.91,0.87,0.87,0.87,218300,-0.022471910112359605
2021-04-07,0.87,0.89,0.84,0.85,0.85,72400,-0.02298850574712641
2021-04-08,0.85,0.87,0.83,0.86,0.86,88400,0.0117647058823529
2021-04-09,0.84,0.9,0.84,0.86,0.86,107000,0.0
2021-04-12,0.84,0.88,0.84,0.86,0.86,136700,0.0
2021-04-13,0.84,0.87,0.78,0.84,0.84,283800,-0.023255813953488413
2021-04-14,0.8,0.87,0.8,0.84,0.84,70800,0.0
2021-04-15,0.82,0.86,0.78,0.78,0.78,121500,-0.0714285714285714
2021-04-16,0.77,0.79,0.74,0.76,0.76,210900,-0.02564102564102566
2021-04-19,0.77,0.8,0.75,0.8,0.8,82900,0.05263157894736836
2021-04-20,0.8,0.8,0.71,0.75,0.75,354100,-0.0625
2021-04-21,0.74,0.8,0.71,0.77,0.77,107600,0.026666666666666616
2021-04-22,0.76,0.77,0.74,0.77,0.77,72800,0.0
2021-04-23,0.76,0.82,0.74,0.8,0.8,79400,0.038961038961039085
2021-04-26,0.82,0.83,0.8,0.81,0.81,35000,0.012499999999999956
2021-04-27,0.8,0.87,0.8,0.84,0.84,81400,0.03703703703703698
2021-04-28,0.86,0.9,0.82,0.9,0.9,145800,0.0714285714285714
2021-04-29,0.93,0.93,0.81,0.86,0.86,149800,-0.04444444444444451
2021-04-30,0.86,0.86,0.82,0.84,0.84,38200,-0.023255813953488413
2021-05-03,0.84,0.84,0.8,0.81,0.81,64100,-0.03571428571428559
2021-05-04,0.81,0.87,0.8,0.87,0.87,135100,0.07407407407407396
2021-05-05,0.86,0.88,0.83,0.85,0.85,63600,-0.02298850574712641
2021-05-06,0.83,0.85,0.8,0.8,0.8,93300,-0.05882352941176461
2021-05-07,0.81,0.84,0.79,0.82,0.82,157600,0.02499999999999991
2021-05-10,0.85,0.85,0.77,0.82,0.82,144700,0.0
2021-05-11,0.79,0.81,0.77,0.79,0.79,38300,-0.03658536585365846
2021-05-12,0.81,1.22,0.81,0.83,0.83,8360900,0.05063291139240489
2021-05-13,0.8,0.83,0.73,0.74,0.74,851200,-0.08196721311475397
2021-05-14,0.73,0.8,0.73,0.76,0.76,439800,0.027027027027026973
2021-05-17,0.78,0.85,0.75,0.78,0.78,1015000,0.026315789473684292
2021-05-18,0.79,0.82,0.78,0.8,0.8,176200,0.025641025641025772
2021-05-19,0.79,0.79,0.77,0.77,0.77,141900,-0.03749999999999998
2021-05-20,0.77,0.79,0.73,0.77,0.77,209800,0.0
2021-05-21,0.76,0.82,0.76,0.79,0.79,223300,0.025974025974025983
2021-05-24,0.8,0.8,0.78,0.79,0.79,111500,0.0
2021-05-25,0.79,0.8,0.77,0.79,0.79,94500,0.0
2021-05-26,0.78,0.81,0.75,0.79,0.79,112800,0.0
2021-05-27,0.79,0.83,0.76,0.79,0.79,645400,0.0
2021-05-28,0.78,0.82,0.78,0.79,0.79,169500,0.0
2021-06-01,0.79,0.87,0.79,0.82,0.82,649600,0.03797468354430378
2021-06-02,0.83,0.9,0.81,0.88,0.88,443500,0.07317073170731714
2021-06-03,0.9,0.9,0.86,0.87,0.87,169700,-0.011363636363636354
2021-06-04,0.89,0.9,0.86,0.87,0.87,112500,0.0
2021-06-07,0.87,0.89,0.86,0.86,0.86,85600,-0.011494252873563204
2021-06-08,0.86,0.88,0.85,0.85,0.85,124900,-0.011627906976744207
2021-06-09,0.85,0.87,0.83,0.84,0.84,200800,-0.0117647058823529
2021-06-10,0.84,0.87,0.83,0.86,0.86,114600,0.023809523809523725
2021-06-11,0.87,0.92,0.86,0.89,0.89,255800,0.03488372093023262
2021-06-14,0.9,0.92,0.89,0.89,0.89,141300,0.0
2021-06-15,0.92,0.93,0.85,0.86,0.86,125800,-0.03370786516853941
2021-06-16,0.88,1.02,0.86,0.95,0.95,695100,0.08510638297872353
2021-06-17,0.9,0.94,0.82,0.86,0.86,302300,-0.08196721311475397
2021-06-18,0.86,0.89,0.86,0.88,0.88,122300,0.023255813953488413
2021-06-21,0.88,0.96,0.85,0.92,0.92,458100,0.045454545454545414
2021-06-22,0.94,0.94,0.87,0.89,0.89,92000,-0.03260869565217395
2021-06-23,0.88,0.93,0.88,0.89,0.89,105600,0.0
2021-06-24,0.95,0.95,0.88,0.9,0.9,212300,0.011235955056179803
2021-06-25,0.87,0.91,0.87,0.91,0.91,80900,0.011111111111111072
2021-06-28,0.94,0.94,0.89,0.9,0.9,85500,-0.01098901098901095
2021-06-29,0.89,0.9,0.86,0.89,0.89,44000,-0.011111111111111072
2021-06-30,0.86,0.95,0.85,0.92,0.92,345400,0.03370786516853941
2021-07-01,0.93,1.02,0.91,0.92,0.92,1134000,0.0
2021-07-02,0.89,0.91,0.88,0.89,0.89,167200,-0.03260869565217395
2021-07-06,0.91,0.92,0.88,0.9,0.9,203400,0.011235955056179803
2021-07-07,0.89,0.9,0.81,0.84,0.84,281800,-0.06666666666666676
2021-07-08,0.82,0.87,0.82,0.85,0.85,83500,0.011904761904761862
2021-07-09,0.88,0.88,0.83,0.85,0.85,62400,0.0
2021-07-12,0.88,0.9,0.83,0.84,0.84,155100,-0.0117647058823529
2021-07-13,0.84,0.89,0.84,0.86,0.86,182500,0.023809523809523725
2021-07-14,0.89,0.99,0.83,0.85,0.85,583800,-0.011627906976744207
2021-07-15,0.84,0.86,0.78,0.81,0.81,243700,-0.04705882352941171
2021-07-16,0.8,0.81,0.76,0.76,0.76,89200,-0.06172839506172845
2021-07-19,0.76,0.77,0.75,0.75,0.75,115300,-0.013157894736842146
2021-07-20,0.74,0.77,0.74,0.75,0.75,59500,0.0
2021-07-21,0.74,0.77,0.74,0.76,0.76,48800,0.01333333333333342
2021-07-22,0.75,0.78,0.75,0.77,0.77,32600,0.013157894736842035
2021-07-23,0.79,0.79,0.75,0.76,0.76,27200,-0.012987012987012991
2021-07-26,0.76,0.76,0.74,0.74,0.74,51100,-0.02631578947368418
2021-07-27,0.74,0.74,0.72,0.73,0.73,42200,-0.013513513513513487
2021-07-28,0.71,0.74,0.7,0.72,0.72,71300,-0.013698630136986356
2021-07-29,0.7,0.72,0.7,0.72,0.72,78300,0.0
2021-07-30,0.72,0.72,0.7,0.72,0.72,65700,0.0
2021-08-02,0.72,0.78,0.72,0.74,0.74,65900,0.0277777777777779
2021-08-03,0.76,0.79,0.76,0.78,0.78,46200,0.05405405405405417
2021-08-04,0.81,0.81,0.75,0.76,0.76,29800,-0.02564102564102566
2021-08-05,0.77,0.78,0.76,0.77,0.77,35100,0.013157894736842035
2021-08-06,0.78,0.78,0.76,0.76,0.76,19000,-0.012987012987012991
2021-08-09,0.78,0.78,0.75,0.75,0.75,45300,-0.013157894736842146
2021-08-10,0.75,0.77,0.75,0.77,0.77,50500,0.026666666666666616
2021-08-11,0.76,0.8,0.74,0.77,0.77,101000,0.0
2021-08-12,0.78,0.82,0.74,0.82,0.82,173200,0.06493506493506485
2021-08-13,0.78,0.84,0.72,0.78,0.78,271400,-0.04878048780487798
2021-08-16,0.75,0.76,0.75,0.76,0.76,39000,-0.02564102564102566
2021-08-17,0.76,0.76,0.73,0.75,0.75,55200,-0.013157894736842146
2021-08-18,0.76,0.76,0.73,0.74,0.74,61300,-0.013333333333333308
2021-08-19,0.74,0.74,0.66,0.67,0.67,133900,-0.08196721311475397
2021-08-20,0.65,0.69,0.65,0.69,0.69,33800,0.02985074626865658
2021-08-23,0.71,0.74,0.71,0.73,0.73,43000,0.05797101449275366
2021-08-24,0.73,0.74,0.71,0.72,0.72,39800,-0.013698630136986356
2021-08-25,0.73,0.74,0.72,0.72,0.72,23900,0.0
2021-08-26,0.75,0.75,0.71,0.71,0.71,67400,-0.01388888888888895
2021-08-27,0.71,0.73,0.71,0.71,0.71,38800,0.0
2021-08-30,0.73,0.78,0.73,0.77,0.77,134900,0.08450704225352124
2021-08-31,0.78,0.79,0.77,0.79,0.79,95900,0.025974025974025983
2021-09-01,0.8,0.8,0.78,0.79,0.79,71800,0.0
2021-09-02,0.78,0.8,0.78,0.79,0.79,65200,0.0
2021-09-03,0.8,0.85,0.79,0.82,0.82,339300,0.03797468354430378
2021-09-07,0.81,0.81,0.79,0.81,0.81,90600,-0.012195121951219412
2021-09-08,0.79,0.83,0.79,0.82,0.82,163200,0.012345679012345512
2021-09-09,0.82,0.83,0.8,0.83,0.83,36800,0.012195121951219523
2021-09-10,0.81,0.9,0.81,0.88,0.88,777400,0.06024096385542177
2021-09-13,0.88,0.9,0.82,0.86,0.86,210400,-0.022727272727272707
2021-09-14,0.83,0.86,0.81,0.83,0.83,95200,-0.03488372093023262
2021-09-15,0.83,0.84,0.81,0.81,0.81,72900,-0.02409638554216853
2021-09-16,0.87,0.87,0.81,0.81,0.81,42300,0.0
2021-09-17,0.81,0.83,0.78,0.78,0.78,144500,-0.03703703703703709
2021-09-20,0.77,0.77,0.7,0.7,0.7,155400,-0.08196721311475397
2021-09-21,0.71,0.74,0.71,0.73,0.73,38400,0.04285714285714293
2021-09-22,0.73,0.77,0.72,0.76,0.76,142100,0.041095890410958846
2021-09-23,0.77,0.78,0.72,0.77,0.77,138500,0.013157894736842035
2021-09-24,0.77,0.79,0.76,0.76,0.76,121600,-0.012987012987012991
2021-09-27,0.79,0.92,0.78,0.83,0.83,730100,0.08510638297872353
2021-09-28,0.82,0.98,0.81,0.88,0.88,1390600,0.06024096385542177
2021-09-29,0.89,1.31,0.89,1.09,1.09,9057200,0.08510638297872353
2021-09-30,1.37,1.82,1.13,1.75,1.75,35327100,0.08510638297872353
2021-10-01,1.5,1.62,1.4,1.52,1.52,6877200,-0.08196721311475397
2021-10-04,1.59,2.38,1.58,1.88,1.88,74333300,0.08510638297872353
2021-10-05,2.04,2.15,1.32,1.45,1.45,24015800,-0.08196721311475397
2021-10-06,1.31,1.5,1.21,1.42,1.42,4968000,-0.020689655172413834
2021-10-07,1.34,1.72,1.33,1.54,1.54,6207800,0.08450704225352124
2021-10-08,1.49,1.88,1.42,1.43,1.43,5892000,-0.07142857142857151
2021-10-11,1.62,1.62,1.3,1.33,1.33,3274200,-0.0699300699300699
2021-10-12,1.33,1.4,1.22,1.36,1.36,1953500,0.022556390977443552
2021-10-13,1.25,1.37,1.23,1.27,1.27,1491100,-0.06617647058823539
2021-10-14,1.24,1.37,1.24,1.35,1.35,1387800,0.06299212598425208
2021-10-15,1.25,1.46,1.24,1.36,1.36,2111800,0.007407407407407307
2021-10-18,1.35,1.39,1.24,1.31,1.31,721000,-0.03676470588235292
2021-10-19,1.25,1.39,1.25,1.31,1.31,1407300,0.0
2021-10-20,1.3,1.35,1.27,1.3,1.3,715400,-0.007633587786259555
2021-10-21,1.27,1.3,1.13,1.16,1.16,1194500,-0.08196721311475397
2021-10-22,1.19,1.21,1.1,1.13,1.13,750200,-0.025862068965517238
2021-10-25,1.12,1.25,1.1,1.19,1.19,857500,0.053097345132743445
2021-10-26,1.16,1.23,1.15,1.15,1.15,504500,-0.03361344537815125
2021-10-27,1.14,1.19,1.09,1.1,1.1,545900,-0.04347826086956508
2021-10-28,1.11,1.18,1.11,1.17,1.17,447100,0.06363636363636349
2021-10-29,1.16,1.2,1.14,1.18,1.18,339000,0.008547008547008517
2021-11-01,1.18,1.28,1.18,1.24,1.24,506600,0.05084745762711873
2021-11-02,1.23,1.27,1.18,1.2,1.2,341600,-0.032258064516129115
2021-11-03,1.17,1.2,1.11,1.17,1.17,358400,-0.025000000000000022
2021-11-04,1.17,1.2,1.15,1.18,1.18,172400,0.008547008547008517
2021-11-05,1.17,1.25,1.16,1.22,1.22,337900,0.033898305084745894
2021-11-08,1.21,1.26,1.19,1.24,1.24,367000,0.016393442622950838
2021-11-09,1.22,1.25,1.15,1.21,1.21,243300,-0.024193548387096753
2021-11-10,1.2,1.21,1.16,1.18,1.18,159300,-0.024793388429752095
2021-11-11,1.17,1.27,1.16,1.22,1.22,561000,0.033898305084745894
2021-11-12,1.3,1.3,1.16,1.22,1.22,710700,0.0
2021-11-15,1.23,1.23,1.11,1.14,1.14,274800,-0.06557377049180335
2021-11-16,1.11,1.12,1.06,1.06,1.06,378200,-0.07017543859649111
2021-11-17,1.07,1.14,1.03,1.05,1.05,243600,-0.009433962264150941
2021-11-18,1.04,1.09,0.98,1.01,1.01,252600,-0.03809523809523818
2021-11-19,0.97,1.0,0.89,0.9,0.9,505900,-0.08196721311475397
2021-11-22,0.97,1.0,0.9,0.97,0.97,189200,0.07777777777777772
2021-11-23,1.0,1.0,0.93,0.97,0.97,362900,0.0
2021-11-24,0.94,0.98,0.94,0.96,0.96,153000,-0.010309278350515427
2021-11-26,0.96,0.96,0.86,0.89,0.89,125300,-0.07291666666666663
2021-11-29,0.9,0.92,0.87,0.88,0.88,76800,-0.011235955056179803
2021-11-30,0.88,0.92,0.82,0.85,0.85,161300,-0.03409090909090917
2021-12-01,0.86,0.9,0.81,0.81,0.81,120100,-0.04705882352941171
2021-12-02,0.8,0.82,0.74,0.75,0.75,214900,-0.07407407407407418
2021-12-03,0.74,0.76,0.67,0.67,0.67,270100,-0.08196721311475397
2021-12-06,0.67,0.76,0.67,0.76,0.76,112700,0.08510638297872353
2021-12-07,0.78,0.83,0.77,0.81,0.81,149000,0.06578947368421062
2021-12-08,0.83,0.83,0.77,0.8,0.8,87800,-0.012345679012345734
2021-12-09,0.78,0.79,0.72,0.73,0.73,130200,-0.08196721311475397
2021-12-10,0.75,0.83,0.73,0.82,0.82,474200,0.08510638297872353
2021-12-13,0.85,0.87,0.74,0.74,0.74,142700,-0.08196721311475397
2021-12-14,0.73,0.77,0.71,0.74,0.74,174400,0.0
2021-12-15,0.71,0.74,0.71,0.71,0.71,174100,-0.04054054054054057
2021-12-16,0.73,0.78,0.72,0.73,0.73,92100,0.028169014084507005
2021-12-17,0.72,0.74,0.69,0.69,0.69,325900,-0.0547945205479452
2021-12-20,0.66,0.73,0.66,0.71,0.71,95400,0.02898550724637694
2021-12-21,0.71,0.79,0.7,0.72,0.72,84800,0.014084507042253502
2021-12-22,0.77,0.78,0.75,0.76,0.76,75200,0.05555555555555558
2021-12-23,0.78,0.78,0.74,0.75,0.75,37100,-0.013157894736842146
2021-12-27,0.73,0.8,0.73,0.79,0.79,211400,0.053333333333333455
2021-12-28,0.8,0.8,0.77,0.77,0.77,42900,-0.025316455696202556
2021-12-29,0.76,0.79,0.75,0.76,0.76,66900,-0.012987012987012991
2021-12-30,0.75,0.78,0.73,0.74,0.74,186800,-0.02631578947368418
2021-12-31,0.73,0.76,0.71,0.73,0.73,246400,-0.013513513513513487
2022-01-03,0.71,0.77,0.71,0.74,0.74,42700,0.013698630136986356
2022-01-04,0.75,0.8,0.75,0.78,0.78,178900,0.05405405405405417
2022-01-05,0.76,0.87,0.76,0.79,0.79,714000,0.012820512820512775
2022-01-06,0.79,0.82,0.75,0.77,0.77,123900,-0.025316455696202556
2022-01-07,0.8,0.83,0.76,0.83,0.83,106900,0.07792207792207795
2022-01-10,0.89,0.89,0.79,0.81,0.81,91600,-0.02409638554216853
2022-01-11,0.83,0.88,0.79,0.83,0.83,107200,0.024691358024691246
2022-01-12,0.8,0.85,0.78,0.85,0.85,123600,0.024096385542168752
2022-01-13,0.83,0.87,0.83,0.83,0.83,74200,-0.02352941176470591
2022-01-14,0.83,0.83,0.82,0.82,0.82,47000,-0.012048192771084376
2022-01-18,0.81,0.86,0.81,0.85,0.85,147400,0.03658536585365857
2022-01-19,0.85,0.85,0.81,0.82,0.82,137500,-0.03529411764705881
2022-01-20,0.82,0.83,0.74,0.78,0.78,190000,-0.04878048780487798
2022-01-21,0.78,0.8,0.73,0.73,0.73,114700,-0.06410256410256421
2022-01-24,0.7,0.74,0.65,0.66,0.66,326800,-0.08196721311475397
2022-01-25,0.67,0.75,0.67,0.75,0.75,153600,0.08510638297872353
2022-01-26,0.73,0.77,0.72,0.75,0.75,83300,0.0
2022-01-27,0.74,0.76,0.74,0.74,0.74,69500,-0.013333333333333308
2022-01-28,0.74,0.8,0.73,0.79,0.79,153000,0.06756756756756754
2022-01-31,0.77,0.79,0.75,0.78,0.78,50200,-0.012658227848101222
2022-02-01,0.78,0.78,0.73,0.76,0.76,109700,-0.02564102564102566
2022-02-02,0.74,0.77,0.73,0.77,0.77,84200,0.013157894736842035
2022-02-03,0.74,0.8,0.74,0.76,0.76,77800,-0.012987012987012991
2022-02-04,0.77,0.81,0.77,0.8,0.8,169800,0.05263157894736836
2022-02-07,0.8,0.85,0.8,0.84,0.84,119300,0.04999999999999982
2022-02-08,0.84,0.88,0.84,0.85,0.85,82700,0.011904761904761862
2022-02-09,0.85,0.87,0.84,0.86,0.86,317300,0.0117647058823529
2022-02-10,0.84,0.89,0.84,0.87,0.87,139700,0.011627906976744207
2022-02-11,0.88,0.88,0.81,0.84,0.84,123000,-0.034482758620689724
2022-02-14,0.82,0.87,0.8,0.85,0.85,77500,0.011904761904761862
2022-02-15,0.86,0.88,0.85,0.86,0.86,32100,0.0117647058823529
2022-02-16,0.86,0.94,0.84,0.9,0.9,154100,0.04651162790697683
2022-02-17,0.91,0.93,0.88,0.9,0.9,57400,0.0
2022-02-18,0.87,0.92,0.84,0.84,0.84,36300,-0.06666666666666676
2022-02-22,0.84,0.89,0.83,0.85,0.85,32800,0.011904761904761862
2022-02-23,0.84,1.09,0.84,0.98,0.98,1399700,0.08510638297872353
2022-02-24,1.02,1.18,0.91,1.03,1.03,1850400,0.05102040816326525
2022-02-25,1.02,1.04,0.93,0.97,0.97,421700,-0.058252427184466105
2022-02-28,0.98,1.07,0.98,1.07,1.07,305200,0.08510638297872353
2022-03-01,1.07,1.1,1.03,1.03,1.03,195000,-0.03738317757009346
2022-03-02,1.08,1.21,1.03,1.17,1.17,568100,0.08510638297872353
2022-03-03,1.25,1.25,1.1,1.13,1.13,1150400,-0.03418803418803418
2022-03-04,1.11,1.27,1.05,1.21,1.21,926700,0.07079646017699126
2022-03-07,1.35,1.49,1.25,1.38,1.38,4771100,0.08510638297872353
2022-03-08,1.64,1.84,1.31,1.6,1.6,11122600,0.08510638297872353
2022-03-09,1.54,1.55,1.1,1.3,1.3,2437700,-0.08196721311475397
2022-03-10,1.4,1.52,1.23,1.4,1.4,1790300,0.07692307692307687
2022-03-11,1.54,1.56,1.14,1.15,1.15,2546800,-0.08196721311475397
2022-03-14,1.13,1.17,0.96,0.98,0.98,1576400,-0.08196721311475397
2022-03-15,0.92,0.96,0.9,0.93,0.93,978200,-0.05102040816326525
2022-03-16,0.93,0.96,0.88,0.9,0.9,510700,-0.032258064516129115
2022-03-17,0.93,1.1,0.93,1.06,1.06,876000,0.08510638297872353
2022-03-18,1.07,1.08,1.0,1.04,1.04,541800,-0.018867924528301883
2022-03-21,1.06,1.15,1.05,1.08,1.08,619500,0.03846153846153855
2022-03-22,1.09,1.14,1.06,1.1,1.1,594300,0.0185185185185186
2022-03-23,1.13,1.22,1.06,1.22,1.22,863900,0.08510638297872353
2022-03-24,1.14,1.2,1.09,1.11,1.11,631300,-0.08196721311475397
2022-03-25,1.05,1.15,1.05,1.1,1.1,422500,-0.009009009009009028
2022-03-28,1.08,1.1,1.02,1.09,1.09,405000,-0.00909090909090915
2022-03-29,1.04,1.09,1.02,1.06,1.06,252100,-0.02752293577981657
2022-03-30,1.06,1.1,1.03,1.07,1.07,546700,0.009433962264151052
2022-03-31,1.04,1.08,1.03,1.06,1.06,160500,-0.009345794392523366
2022-04-01,1.06,1.1,1.03,1.06,1.06,376800,0.0
2022-04-04,1.04,1.05,1.0,1.03,1.03,387400,-0.028301886792452824
2022-04-05,1.05,1.07,1.01,1.03,1.03,232700,0.0
2022-04-06,1.03,1.03,0.97,0.98,0.98,209300,-0.04854368932038844
2022-04-07,0.99,1.02,0.98,0.98,0.98,119800,0.0
2022-04-08,0.98,1.0,0.96,0.99,0.99,185900,0.010204081632652962
2022-04-11,1.0,1.0,0.94,0.95,0.95,95500,-0.04040404040404044
2022-04-12,0.97,0.98,0.94,0.96,0.96,209100,0.010526315789473717
2022-04-13,0.98,0.98,0.96,0.97,0.97,133400,0.01041666666666674
2022-04-14,0.97,1.09,0.97,1.04,1.04,572900,0.07216494845360821
2022-04-18,1.09,1.1,1.03,1.06,1.06,374100,0.019230769230769162
2022-04-19,1.04,1.07,1.01,1.01,1.01,128900,-0.047169811320754707
2022-04-20,1.01,1.11,1.01,1.08,1.08,388500,0.06930693069306937
2022-04-21,1.12,1.13,1.01,1.04,1.04,383200,-0.03703703703703709
2022-04-22,1.05,1.06,1.01,1.01,1.01,80300,-0.028846153846153855
2022-04-25,1.01,1.02,0.95,0.96,0.96,99700,-0.04950495049504955
2022-04-26,0.97,1.02,0.96,0.98,0.98,123600,0.02083333333333326
2022-04-27,1.01,1.03,0.98,1.0,1.0,123700,0.020408163265306145
2022-04-28,0.99,1.03,0.95,0.95,0.95,186000,-0.050000000000000044
2022-04-29,0.96,0.99,0.96,0.99,0.99,70100,0.04210526315789487
2022-05-02,0.95,1.02,0.95,1.0,1.0,103400,0.010101010101010166
2022-05-03,1.02,1.06,1.0,1.03,1.03,170900,0.030000000000000027
2022-05-04,1.06,1.1,1.03,1.09,1.09,372000,0.058252427184465994
2022-05-05,1.08,1.13,1.02,1.06,1.06,206800,-0.02752293577981657
2022-05-06,1.06,1.07,1.05,1.07,1.07,154800,0.009433962264151052
2022-05-09,1.08,1.1,0.99,1.01,1.01,328400,-0.05607476635514019
2022-05-10,1.1,1.1,1.01,1.01,1.01,104300,0.0
2022-05-11,1.05,1.06,1.0,1.01,1.01,202100,0.0
2022-05-12,0.99,1.0,0.95,0.96,0.96,241100,-0.04950495049504955
2022-05-13,1.0,1.05,0.85,0.95,0.95,549100,-0.01041666666666663
2022-05-16,0.99,1.05,0.95,1.04,1.04,465900,0.08510638297872353
2022-05-17,1.01,1.07,1.01,1.04,1.04,160800,0.0
2022-05-18,1.02,1.04,0.95,0.95,0.95,153100,-0.08196721311475397
2022-05-19,0.98,1.01,0.98,0.98,0.98,71200,0.03157894736842115
2022-05-20,0.98,1.0,0.98,0.98,0.98,72300,0.0
2022-05-23,0.98,1.02,0.98,1.01,1.01,115900,0.030612244897959107
2022-05-24,0.99,1.01,0.99,0.99,0.99,53000,-0.01980198019801982
2022-05-25,1.0,1.0,0.99,1.0,1.0,96100,0.010101010101010166
2022-05-26,1.0,1.05,1.0,1.02,1.02,133800,0.020000000000000018
2022-05-27,1.04,1.05,1.01,1.05,1.05,150900,0.02941176470588247
2022-05-31,1.05,1.12,1.03,1.05,1.05,544600,0.0
2022-06-01,1.05,1.1,1.03,1.08,1.08,218500,0.028571428571428692
2022-06-02,1.09,1.2,1.08,1.16,1.16,550800,0.07407407407407396
2022-06-03,1.18,1.31,1.14,1.31,1.31,722800,0.08510638297872353
2022-06-06,1.31,1.31,1.15,1.22,1.22,354700,-0.06870229007633588
2022-06-07,1.21,1.32,1.19,1.3,1.3,382900,0.06557377049180335
2022-06-08,1.34,1.34,1.2,1.24,1.24,589100,-0.04615384615384621
2022-06-09,1.27,1.29,1.17,1.27,1.27,226000,0.024193548387096753
2022-06-10,1.26,1.29,1.23,1.25,1.25,144300,-0.015748031496062964
2022-06-13,1.19,1.19,1.07,1.08,1.08,419900,-0.08196721311475397
2022-06-14,1.1,1.15,1.07,1.08,1.08,169500,0.0
2022-06-15,1.08,1.1,1.04,1.07,1.07,151100,-0.0092592592592593
2022-06-16,1.03,1.03,0.95,1.0,1.0,194900,-0.06542056074766356
2022-06-17,1.0,1.02,0.92,0.98,0.98,160100,-0.020000000000000018
2022-06-21,0.99,1.0,0.99,1.0,1.0,82800,0.020408163265306145
2022-06-22,0.98,0.99,0.95,0.96,0.96,200400,-0.040000000000000036
2022-06-23,0.96,1.0,0.95,0.96,0.96,86900,0.0
2022-06-24,0.96,0.98,0.95,0.97,0.97,144800,0.01041666666666674
2022-06-27,0.97,1.04,0.97,1.03,1.03,85200,0.061855670103092786
2022-06-28,1.04,1.05,1.0,1.0,1.0,43300,-0.029126213592232997
2022-06-29,1.01,1.06,1.0,1.02,1.02,341300,0.020000000000000018
2022-06-30,1.03,1.03,0.95,0.99,0.99,141000,-0.02941176470588236
2022-07-01,1.0,1.0,0.95,0.96,0.96,54100,-0.030303030303030276
2022-07-05,0.96,0.97,0.88,0.92,0.92,176000,-0.04166666666666663
2022-07-06,0.92,0.92,0.86,0.86,0.86,44700,-0.0652173913043479
2022-07-07,0.87,0.92,0.86,0.9,0.9,42800,0.04651162790697683
2022-07-08,0.92,0.92,0.86,0.89,0.89,65900,-0.011111111111111072
2022-07-11,0.88,0.91,0.88,0.88,0.88,37700,-0.011235955056179803
2022-07-12,0.88,0.9,0.81,0.84,0.84,89500,-0.045454545454545525
2022-07-13,0.87,0.87,0.85,0.86,0.86,9400,0.023809523809523725
2022-07-14,0.87,0.89,0.85,0.89,0.89,17600,0.03488372093023262
2022-07-15,0.89,0.9,0.86,0.86,0.86,37900,-0.03370786516853941
2022-07-18,0.9,0.92,0.88,0.88,0.88,53100,0.023255813953488413
2022-07-19,0.9,0.9,0.88,0.89,0.89,41500,0.011363636363636465
2022-07-20,0.88,0.92,0.88,0.9,0.9,27800,0.011235955056179803
2022-07-21,0.9,0.91,0.84,0.87,0.87,69100,-0.033333333333333326
2022-07-22,0.85,0.92,0.85,0.86,0.86,75500,-0.011494252873563204
2022-07-25,0.88,0.91,0.87,0.89,0.89,16500,0.03488372093023262
2022-07-26,0.91,0.91,0.86,0.86,0.86,40300,-0.03370786516853941
2022-07-27,0.85,0.86,0.82,0.84,0.84,137700,-0.023255813953488413
2022-07-28,0.88,0.88,0.81,0.85,0.85,45300,0.011904761904761862
2022-07-29,0.85,0.9,0.85,0.88,0.88,89000,0.03529411764705892
2022-08-01,0.88,0.91,0.88,0.89,0.89,65500,0.011363636363636465
2022-08-02,0.88,0.94,0.88,0.94,0.94,51700,0.05617977528089879
2022-08-03,0.92,0.94,0.9,0.93,0.93,55800,-0.010638297872340274
2022-08-04,0.9,0.93,0.9,0.93,0.93,26400,0.0
2022-08-05,0.9,0.93,0.9,0.93,0.93,57900,0.0
2022-08-08,0.92,0.95,0.9,0.91,0.91,24000,-0.021505376344086002
2022-08-09,0.91,0.95,0.9,0.93,0.93,67300,0.0219780219780219
2022-08-10,0.94,0.96,0.93,0.94,0.94,46300,0.010752688172043001
2022-08-11,0.96,1.03,0.93,1.03,1.03,173000,0.08510638297872353
2022-08-12,1.09,1.1,0.9,0.94,0.94,210000,-0.08196721311475397
2022-08-15,0.91,0.95,0.9,0.9,0.9,109500,-0.04255319148936165
2022-08-16,0.91,0.94,0.88,0.89,0.89,73200,-0.011111111111111072
2022-08-17,0.92,0.92,0.88,0.89,0.89,23300,0.0
2022-08-18,0.88,0.95,0.88,0.9,0.9,226700,0.011235955056179803
2022-08-19,0.9,0.92,0.85,0.85,0.85,114500,-0.05555555555555558
2022-08-22,0.85,0.92,0.85,0.89,0.89,60900,0.04705882352941182
2022-08-23,0.91,0.94,0.89,0.92,0.92,142600,0.03370786516853941
2022-08-24,0.92,0.93,0.87,0.9,0.9,62700,-0.021739130434782594
2022-08-25,0.93,0.93,0.89,0.9,0.9,23200,0.0
2022-08-26,0.92,0.93,0.88,0.9,0.9,91100,0.0
2022-08-29,0.88,0.93,0.88,0.91,0.91,27400,0.011111111111111072
2022-08-30,0.91,0.94,0.88,0.9,0.9,133600,-0.01098901098901095
2022-08-31,0.9,0.93,0.9,0.91,0.91,32600,0.011111111111111072
2022-09-01,0.89,0.9,0.86,0.88,0.88,92800,-0.03296703296703296
2022-09-02,0.9,0.9,0.9,0.9,0.9,30300,0.022727272727272707
2022-09-06,0.91,0.91,0.88,0.88,0.88,31600,-0.022222222222222254
2022-09-07,0.87,0.89,0.83,0.85,0.85,56200,-0.03409090909090917
2022-09-08,0.84,0.85,0.81,0.83,0.83,88100,-0.02352941176470591
2022-09-09,0.87,0.88,0.82,0.82,0.82,62200,-0.012048192771084376
2022-09-12,0.8,0.84,0.8,0.82,0.82,124800,0.0
2022-09-13,0.82,0.85,0.82,0.83,0.83,24000,0.012195121951219523
2022-09-14,0.86,0.86,0.79,0.81,0.81,148200,-0.02409638554216853
2022-09-15,0.81,0.82,0.74,0.76,0.76,165200,-0.06172839506172845
2022-09-16,0.74,0.76,0.72,0.75,0.75,76000,-0.013157894736842146
2022-09-19,0.72,0.74,0.71,0.74,0.74,110300,-0.013333333333333308
2022-09-20,0.71,0.75,0.71,0.75,0.75,29400,0.013513513513513598
2022-09-21,0.76,0.76,0.7,0.74,0.74,41000,-0.013333333333333308
2022-09-22,0.71,0.73,0.7,0.72,0.72,30000,-0.027027027027027084
2022-09-23,0.7,0.7,0.62,0.64,0.64,115200,-0.08196721311475397
2022-09-26,0.64,0.68,0.63,0.64,0.64,77700,0.0
2022-09-27,0.65,0.67,0.64,0.65,0.65,33200,0.015625
2022-09-28,0.66,0.68,0.64,0.67,0.67,29900,0.030769230769230882
2022-09-29,0.7,0.7,0.66,0.69,0.69,31700,0.02985074626865658
2022-09-30,0.67,0.7,0.67,0.67,0.67,24700,-0.02898550724637672
2022-10-03,0.67,0.7,0.65,0.7,0.7,16800,0.04477611940298498
2022-10-04,0.7,0.75,0.67,0.72,0.72,52200,0.028571428571428692
2022-10-05,0.71,0.8,0.71,0.79,0.79,115500,0.08510638297872353
2022-10-06,0.77,0.8,0.76,0.79,0.79,68600,0.0
2022-10-07,0.76,0.81,0.74,0.75,0.75,113700,-0.05063291139240511
2022-10-10,0.74,0.78,0.66,0.72,0.72,86400,-0.040000000000000036
2022-10-11,0.68,0.74,0.68,0.72,0.72,9700,0.0
2022-10-12,0.72,0.74,0.68,0.68,0.68,17400,-0.05555555555555547
2022-10-13,0.66,0.7,0.65,0.7,0.7,97300,0.02941176470588225
2022-10-14,0.7,0.7,0.67,0.67,0.67,49400,-0.042857142857142705
2022-10-17,0.7,0.7,0.66,0.69,0.69,51300,0.02985074626865658
2022-10-18,0.68,0.7,0.67,0.67,0.67,30000,-0.02898550724637672
2022-10-19,0.68,0.69,0.66,0.68,0.68,18900,0.014925373134328401
2022-10-20,0.66,0.7,0.66,0.68,0.68,60300,0.0
2022-10-21,0.68,0.76,0.67,0.72,0.72,41000,0.0588235294117645
2022-10-24,0.7,0.74,0.67,0.71,0.71,49500,-0.01388888888888895
2022-10-25,0.7,0.74,0.68,0.69,0.69,34500,-0.028169014084507116
2022-10-26,0.69,0.74,0.69,0.71,0.71,50200,0.02898550724637694
2022-10-27,0.71,0.76,0.71,0.72,0.72,62500,0.014084507042253502
2022-10-28,0.74,0.76,0.69,0.74,0.74,51300,0.0277777777777779
2022-10-31,0.75,0.77,0.71,0.72,0.72,32500,-0.027027027027027084
2022-11-01,0.78,0.78,0.72,0.77,0.77,27400,0.06944444444444442
2022-11-02,0.78,0.78,0.74,0.78,0.78,20700,0.012987012987013102
2022-11-03,0.74,0.78,0.74,0.78,0.78,17100,0.0
2022-11-04,0.79,0.8,0.75,0.8,0.8,49000,0.025641025641025772
2022-11-07,0.8,0.82,0.76,0.78,0.78,74900,-0.025000000000000022
2022-11-08,0.8,0.81,0.78,0.78,0.78,26000,0.0
2022-11-09,0.79,0.79,0.75,0.76,0.76,25200,-0.02564102564102566
2022-11-10,0.76,0.78,0.75,0.78,0.78,61000,0.026315789473684292
2022-11-11,0.82,0.88,0.79,0.88,0.88,220000,0.08510638297872353
2022-11-14,0.87,0.88,0.83,0.84,0.84,34700,-0.045454545454545525
2022-11-15,0.86,0.87,0.83,0.84,0.84,22800,0.0
2022-11-16,0.84,0.87,0.84,0.87,0.87,61800,0.03571428571428581
2022-11-17,0.86,0.87,0.85,0.87,0.87,42700,0.0
2022-11-18,0.86,0.88,0.85,0.87,0.87,39800,0.0
2022-11-21,0.85,0.85,0.79,0.79,0.79,42200,-0.08196721311475397
2022-11-22,0.82,0.83,0.75,0.81,0.81,81900,0.025316455696202445
2022-11-23,0.82,0.83,0.8,0.8,0.8,12300,-0.012345679012345734
2022-11-25,0.8,0.82,0.78,0.8,0.8,12100,0.0
2022-11-28,0.79,0.81,0.76,0.81,0.81,52500,0.012499999999999956
2022-11-29,0.83,0.83,0.8,0.81,0.81,20300,0.0
2022-11-30,0.81,0.83,0.81,0.82,0.82,35700,0.012345679012345512
2022-12-01,0.85,0.85,0.83,0.83,0.83,41100,0.012195121951219523
2022-12-02,0.85,0.85,0.82,0.83,0.83,100900,0.0
2022-12-05,0.85,0.85,0.82,0.82,0.82,27500,-0.012048192771084376
2022-12-06,0.83,0.83,0.8,0.8,0.8,47000,-0.024390243902438935
2022-12-07,0.82,0.82,0.72,0.78,0.78,76600,-0.025000000000000022
2022-12-08,0.8,0.81,0.8,0.8,0.8,71100,0.025641025641025772
2022-12-09,0.8,0.82,0.8,0.8,0.8,38200,0.0
2022-12-12,0.78,0.83,0.78,0.8,0.8,35700,0.0
2022-12-13,0.8,0.87,0.8,0.87,0.87,64700,0.08510638297872353
2022-12-14,0.86,0.88,0.84,0.84,0.84,12800,-0.034482758620689724
2022-12-15,0.84,0.85,0.78,0.81,0.81,21900,-0.03571428571428559
2022-12-16,0.82,0.85,0.8,0.8,0.8,43800,-0.012345679012345734
2022-12-19,0.8,0.87,0.8,0.8,0.8,62900,0.0
2022-12-20,0.82,0.82,0.8,0.81,0.81,33300,0.012499999999999956
2022-12-21,0.84,0.88,0.84,0.84,0.84,99200,0.03703703703703698
2022-12-22,0.83,0.87,0.82,0.86,0.86,33500,0.023809523809523725
2022-12-23,0.86,0.86,0.82,0.85,0.85,13000,-0.011627906976744207
2022-12-27,0.84,0.87,0.84,0.87,0.87,43400,0.0235294117647058
2022-12-28,0.86,0.86,0.83,0.86,0.86,29900,-0.011494252873563204
2022-12-29,0.86,0.87,0.83,0.87,0.87,17200,0.011627906976744207
2022-12-30,0.87,0.93,0.85,0.92,0.92,121100,0.05747126436781613
2023-01-03,0.95,0.95,0.91,0.93,0.93,152400,0.010869565217391353
2023-01-04,0.94,0.94,0.9,0.93,0.93,58800,0.0
2023-01-05,0.95,1.01,0.94,0.99,0.99,219000,0.06451612903225801
2023-01-06,1.01,1.13,1.0,1.1,1.1,322100,0.08510638297872353
2023-01-09,1.07,1.08,1.03,1.06,1.06,177100,-0.036363636363636376
2023-01-10,1.06,1.06,1.02,1.03,1.03,67900,-0.028301886792452824
2023-01-11,1.05,1.06,1.03,1.03,1.03,68100,0.0
2023-01-12,1.03,1.1,1.0,1.1,1.1,206900,0.06796116504854366
2023-01-13,1.1,1.1,1.01,1.05,1.05,98700,-0.045454545454545525
2023-01-17,1.08,1.08,0.98,1.04,1.04,134700,-0.00952380952380949
2023-01-18,1.03,1.05,1.01,1.03,1.03,31100,-0.009615384615384581
2023-01-19,1.02,1.07,1.01,1.07,1.07,79200,0.03883495145631066
2023-01-20,1.05,1.1,1.05,1.08,1.08,104000,0.009345794392523477
2023-01-23,1.07,1.1,1.06,1.08,1.08,108000,0.0
2023-01-24,1.06,1.09,1.06,1.08,1.08,37300,0.0
2023-01-25,1.05,1.13,1.04,1.08,1.08,118500,0.0
2023-01-26,1.08,1.11,1.08,1.09,1.09,31800,0.0092592592592593
2023-01-27,1.11,1.11,1.07,1.08,1.08,63800,-0.00917431192660556
2023-01-30,1.07,1.08,1.01,1.03,1.03,79900,-0.04629629629629628
2023-01-31,1.03,1.11,1.01,1.08,1.08,93200,0.04854368932038833
2023-02-01,1.1,1.1,1.0,1.04,1.04,115900,-0.03703703703703709
2023-02-02,1.06,1.06,1.0,1.01,1.01,95100,-0.028846153846153855
2023-02-03,1.03,1.04,1.0,1.0,1.0,37000,-0.00990099009900991
2023-02-06,1.0,1.03,0.98,0.99,0.99,57600,-0.010000000000000009
2023-02-07,1.02,1.03,0.92,0.96,0.96,133900,-0.030303030303030276
2023-02-08,1.0,1.02,0.95,0.98,0.98,47000,0.02083333333333326
2023-02-09,0.98,1.0,0.92,0.94,0.94,83700,-0.04081632653061229
2023-02-10,0.95,0.97,0.93,0.94,0.94,34700,0.0
2023-02-13,0.94,0.96,0.94,0.96,0.96,45300,0.02127659574468077
2023-02-14,0.96,0.98,0.94,0.94,0.94,35800,-0.02083333333333337
2023-02-15,0.96,0.99,0.93,0.99,0.99,66600,0.05319148936170226
2023-02-16,0.97,0.99,0.97,0.98,0.98,41600,-0.010101010101010055
2023-02-17,0.97,0.99,0.94,0.98,0.98,160300,0.0
2023-02-21,1.0,1.0,0.95,0.96,0.96,121100,-0.020408163265306145
2023-02-22,0.98,0.99,0.96,0.97,0.97,45000,0.01041666666666674
2023-02-23,0.98,1.02,0.98,0.98,0.98,130300,0.010309278350515427
2023-02-24,0.99,1.03,0.99,1.0,1.0,58200,0.020408163265306145
2023-02-27,1.0,1.07,0.98,1.05,1.05,97500,0.050000000000000044
2023-02-28,1.06,1.15,1.05,1.14,1.14,272000,0.08510638297872353
2023-03-01,1.15,1.17,1.11,1.15,1.15,82200,0.00877192982456143
2023-03-02,1.15,1.18,1.14,1.14,1.14,44000,-0.008695652173913104
2023-03-03,1.13,1.13,1.01,1.07,1.07,111500,-0.06140350877192968
2023-03-06,1.05,1.12,1.03,1.11,1.11,68000,0.03738317757009346
2023-03-07,1.09,1.17,1.09,1.17,1.17,94100,0.054054054054053946
2023-03-08,1.18,1.18,1.13,1.15,1.15,107100,-0.017094017094017144
2023-03-09,1.13,1.16,1.11,1.12,1.12,119100,-0.02608695652173898
2023-03-10,1.15,1.15,0.99,1.02,1.02,259100,-0.08196721311475397
2023-03-13,0.99,1.0,0.94,0.95,0.95,105200,-0.06862745098039225
2023-03-14,0.98,1.0,0.9,0.9,0.9,125800,-0.05263157894736836
2023-03-15,0.86,0.9,0.84,0.87,0.87,112200,-0.033333333333333326
2023-03-16,0.86,0.96,0.86,0.9,0.9,67400,0.034482758620689724
2023-03-17,0.87,0.93,0.87,0.87,0.87,31400,-0.033333333333333326
2023-03-20,0.87,0.94,0.87,0.9,0.9,25200,0.034482758620689724
2023-03-21,0.89,0.9,0.85,0.89,0.89,32200,-0.011111111111111072
2023-03-22,0.89,0.92,0.88,0.91,0.91,14200,0.022471910112359605
2023-03-23,0.89,0.93,0.85,0.86,0.86,74800,-0.05494505494505497
2023-03-24,0.85,0.88,0.81,0.86,0.86,75500,0.0
2023-03-27,0.89,0.9,0.84,0.89,0.89,22200,0.03488372093023262
2023-03-28,0.87,0.96,0.87,0.91,0.91,76300,0.022471910112359605
2023-03-29,0.92,0.95,0.9,0.91,0.91,24300,0.0
2023-03-30,0.89,0.9,0.87,0.88,0.88,71600,-0.03296703296703296
2023-03-31,0.9,0.93,0.89,0.89,0.89,12400,0.011363636363636465
2023-04-03,0.91,1.03,0.91,1.0,1.0,297500,0.08510638297872353
2023-04-04,1.03,1.03,0.98,1.01,1.01,72300,0.010000000000000009
2023-04-05,1.01,1.01,0.95,1.0,1.0,78100,-0.00990099009900991
2023-04-06,0.97,1.01,0.96,0.97,0.97,33400,-0.030000000000000027
2023-04-10,0.97,1.02,0.94,0.95,0.95,46000,-0.020618556701030966
2023-04-11,0.94,1.0,0.93,0.98,0.98,15200,0.03157894736842115
2023-04-12,0.98,1.0,0.94,0.94,0.94,13200,-0.04081632653061229
2023-04-13,0.94,1.01,0.94,0.99,0.99,83900,0.05319148936170226
2023-04-14,0.99,1.01,0.95,1.0,1.0,40100,0.010101010101010166
2023-04-17,1.01,1.02,0.96,1.0,1.0,57300,0.0
2023-04-18,1.01,1.03,1.0,1.02,1.02,9400,0.020000000000000018
2023-04-19,1.0,1.02,0.99,1.0,1.0,45900,-0.019607843137254943
2023-04-20,1.01,1.02,0.98,0.99,0.99,12300,-0.010000000000000009
2023-04-21,1.01,1.02,0.97,0.99,0.99,12500,0.0
2023-04-24,0.98,1.02,0.98,1.01,1.01,24400,0.02020202020202011
2023-04-25,0.99,1.02,0.98,1.0,1.0,14900,-0.00990099009900991
2023-04-26,0.99,1.02,0.98,1.0,1.0,23300,0.0
2023-04-27,1.01,1.01,1.0,1.01,1.01,23200,0.010000000000000009
2023-04-28,0.96,1.02,0.96,1.0,1.0,30100,-0.00990099009900991
2023-05-01,0.95,1.01,0.95,0.98,0.98,70400,-0.020000000000000018
2023-05-02,0.99,0.99,0.91,0.95,0.95,89700,-0.030612244897959218
2023-05-03,0.98,0.98,0.92,0.94,0.94,21000,-0.010526315789473717
2023-05-04,0.95,0.98,0.95,0.95,0.95,23100,0.010638297872340496
2023-05-05,0.95,0.98,0.95,0.95,0.95,10700,0.0
2023-05-08,0.97,0.98,0.95,0.96,0.96,21500,0.010526315789473717
2023-05-09,0.96,0.98,0.95,0.97,0.97,7900,0.01041666666666674
2023-05-10,0.94,0.98,0.94,0.96,0.96,33300,-0.010309278350515427
2023-05-11,1.0,1.0,0.98,0.98,0.98,150200,0.02083333333333326
2023-05-12,0.98,0.98,0.96,0.98,0.98,26200,0.0
2023-05-15,0.98,0.98,0.97,0.98,0.98,121600,0.0
2023-05-16,0.96,0.99,0.96,0.98,0.98,23600,0.0
2023-05-17,0.97,0.99,0.95,0.99,0.99,14000,0.010204081632652962
2023-05-18,0.99,0.99,0.96,0.98,0.98,34700,-0.010101010101010055
2023-05-19,0.97,1.0,0.97,0.98,0.98,17900,0.0
2023-05-22,1.04,1.05,1.01,1.04,1.04,152100,0.061224489795918435
2023-05-23,1.06,1.11,1.01,1.11,1.11,114800,0.06730769230769229
2023-05-24,1.12,1.18,1.11,1.18,1.18,111400,0.06306306306306286
2023-05-25,1.18,1.2,1.11,1.11,1.11,130900,-0.05932203389830493
2023-05-26,1.17,1.18,1.12,1.15,1.15,53100,0.03603603603603589
2023-05-30,1.17,1.17,1.06,1.1,1.1,65000,-0.04347826086956508
2023-05-31,1.1,1.12,1.02,1.02,1.02,53100,-0.07272727272727275
2023-06-01,1.02,1.07,1.02,1.05,1.05,36200,0.02941176470588247
2023-06-02,1.07,1.14,1.05,1.1,1.1,65000,0.04761904761904767
2023-06-05,1.06,1.14,1.06,1.14,1.14,72600,0.036363636363636154
2023-06-06,1.14,1.14,1.09,1.14,1.14,56200,0.0
2023-06-07,1.12,1.21,1.1,1.18,1.18,216000,0.03508771929824572
2023-06-08,1.21,1.22,1.17,1.2,1.2,98600,0.016949152542372836
2023-06-09,1.21,1.22,1.17,1.17,1.17,41400,-0.025000000000000022
2023-06-12,1.17,1.2,1.13,1.15,1.15,45300,-0.017094017094017144
2023-06-13,1.15,1.18,1.1,1.11,1.11,100800,-0.03478260869565197
2023-06-14,1.15,1.17,1.12,1.16,1.16,55900,0.04504504504504481
2023-06-15,1.14,1.24,1.14,1.21,1.21,162800,0.0431034482758621
2023-06-16,1.22,1.22,1.16,1.18,1.18,58100,-0.024793388429752095
2023-06-20,1.21,1.22,1.15,1.18,1.18,78200,0.0
2023-06-21,1.15,1.21,1.15,1.17,1.17,27300,-0.008474576271186418
2023-06-22,1.19,1.19,1.14,1.16,1.16,56500,-0.008547008547008517
2023-06-23,1.16,1.16,1.12,1.12,1.12,123300,-0.0344827586206895
2023-06-26,1.17,1.29,1.16,1.27,1.27,242600,0.08510638297872353
2023-06-27,1.22,1.27,1.2,1.21,1.21,79800,-0.047244094488189003
2023-06-28,1.21,1.22,1.2,1.2,1.2,45300,-0.008264462809917328
2023-06-29,1.19,1.24,1.19,1.21,1.21,16200,0.008333333333333304
2023-06-30,1.21,1.24,1.21,1.23,1.23,18600,0.016528925619834656
2023-07-03,1.21,1.24,1.21,1.21,1.21,89000,-0.016260162601625994
2023-07-05,1.23,1.24,1.21,1.21,1.21,30800,0.0
2023-07-06,1.21,1.24,1.21,1.21,1.21,15500,0.0
2023-07-07,1.21,1.3,1.21,1.28,1.28,227700,0.05785123966942152
2023-07-10,1.31,1.45,1.29,1.38,1.38,526100,0.078125
2023-07-11,1.43,1.43,1.36,1.38,1.38,133800,0.0
2023-07-12,1.36,1.42,1.29,1.35,1.35,162700,-0.021739130434782483
2023-07-13,1.35,1.4,1.33,1.38,1.38,134300,0.022222222222222143
2023-07-14,1.39,1.4,1.3,1.3,1.3,70000,-0.05797101449275355
2023-07-17,1.39,1.4,1.35,1.37,1.37,176900,0.05384615384615388
2023-07-18,1.35,1.43,1.35,1.43,1.43,97100,0.04379562043795615
2023-07-19,1.43,1.49,1.41,1.45,1.45,180700,0.013986013986013957
2023-07-20,1.48,1.57,1.47,1.53,1.53,313200,0.05517241379310356
2023-07-21,1.58,1.92,1.56,1.8,1.8,1313400,0.08510638297872353
2023-07-24,1.91,2.21,1.15,1.36,1.36,3076500,-0.08196721311475397
2023-07-25,1.4,1.48,1.25,1.31,1.31,581200,-0.03676470588235292
2023-07-26,1.27,1.37,1.24,1.3,1.3,253100,-0.007633587786259555
2023-07-27,1.33,1.37,1.3,1.33,1.33,162400,0.023076923076922995
2023-07-28,1.33,1.44,1.3,1.33,1.33,367300,0.0
2023-07-31,1.43,1.44,1.34,1.4,1.4,281000,0.05263157894736836
2023-08-01,1.39,1.39,1.31,1.38,1.38,142600,-0.014285714285714346
2023-08-02,1.35,1.38,1.3,1.3,1.3,131600,-0.05797101449275355
2023-08-03,1.3,1.34,1.27,1.29,1.29,134900,-0.007692307692307665
2023-08-04,1.26,1.31,1.24,1.25,1.25,112800,-0.03100775193798455
2023-08-07,1.24,1.39,1.24,1.35,1.35,434300,0.08000000000000007
2023-08-08,1.36,1.37,1.3,1.34,1.34,101900,-0.007407407407407418
2023-08-09,1.35,1.47,1.25,1.27,1.27,315000,-0.052238805970149294
2023-08-10,1.27,1.38,1.27,1.35,1.35,107200,0.06299212598425208
2023-08-11,1.34,1.35,1.29,1.33,1.33,100500,-0.014814814814814836
2023-08-14,1.14,1.16,1.06,1.1,1.1,484000,-0.08196721311475397
2023-08-15,1.12,1.12,0.97,0.97,0.97,415800,-0.08196721311475397
2023-08-16,0.95,0.97,0.8,0.83,0.83,439300,-0.08196721311475397
2023-08-17,0.85,0.9,0.84,0.88,0.88,130900,0.06024096385542177
2023-08-18,0.93,1.03,0.92,1.01,1.01,230400,0.08510638297872353
2023-08-21,1.02,1.04,0.97,1.02,1.02,79200,0.00990099009900991
2023-08-22,1.02,1.02,0.97,1.0,1.0,42800,-0.019607843137254943
2023-08-23,1.0,1.01,0.9,0.9,0.9,113700,-0.08196721311475397
2023-08-24,0.94,0.95,0.81,0.86,0.86,154600,-0.04444444444444451
2023-08-25,0.85,0.87,0.78,0.8,0.8,216700,-0.06976744186046502
2023-08-28,0.8,0.87,0.8,0.83,0.83,108800,0.03749999999999987
2023-08-29,0.84,0.93,0.82,0.91,0.91,56400,0.08510638297872353
2023-08-30,0.9,0.97,0.9,0.96,0.96,29400,0.05494505494505497
2023-08-31,0.98,0.98,0.87,0.87,0.87,59100,-0.08196721311475397
2023-09-01,0.9,0.96,0.87,0.93,0.93,60400,0.06896551724137945
2023-09-05,0.95,0.96,0.9,0.93,0.93,53700,0.0
2023-09-06,0.94,0.96,0.9,0.91,0.91,28900,-0.021505376344086002
2023-09-07,0.88,0.91,0.82,0.83,0.83,70100,-0.08196721311475397
2023-09-08,0.84,0.87,0.82,0.85,0.85,27300,0.024096385542168752
2023-09-11,0.82,0.85,0.82,0.82,0.82,41500,-0.03529411764705881
2023-09-12,0.82,0.85,0.81,0.82,0.82,120200,0.0
2023-09-13,0.81,0.81,0.77,0.78,0.78,185100,-0.04878048780487798
2023-09-14,0.77,0.81,0.77,0.77,0.77,153000,-0.012820512820512886
2023-09-15,0.77,0.81,0.77,0.78,0.78,36400,0.012987012987013102
2023-09-18,0.8,0.8,0.78,0.78,0.78,74900,0.0
2023-09-19,0.78,0.8,0.77,0.77,0.77,26400,-0.012820512820512886
2023-09-20,0.8,0.8,0.77,0.79,0.79,69900,0.025974025974025983
2023-09-21,0.78,0.79,0.76,0.79,0.79,59900,0.0
2023-09-22,0.78,0.81,0.78,0.81,0.81,48800,0.025316455696202445
2023-09-25,0.81,0.81,0.79,0.8,0.8,42700,-0.012345679012345734
2023-09-26,0.79,0.82,0.79,0.8,0.8,7600,0.0
2023-09-27,0.8,0.85,0.79,0.84,0.84,127500,0.04999999999999982
2023-09-28,0.85,0.87,0.79,0.81,0.81,72300,-0.03571428571428559
2023-09-29,0.81,0.82,0.78,0.8,0.8,86100,-0.012345679012345734
2023-10-02,0.81,0.83,0.78,0.81,0.81,16200,0.012499999999999956
2023-10-03,0.79,0.81,0.77,0.78,0.78,22200,-0.03703703703703709
2023-10-04,0.77,0.79,0.75,0.75,0.75,50800,-0.03846153846153855
2023-10-05,0.77,0.81,0.74,0.74,0.74,69800,-0.013333333333333308
2023-10-06,0.74,0.79,0.73,0.73,0.73,27300,-0.013513513513513487
2023-10-09,0.73,0.79,0.73,0.75,0.75,57000,0.027397260273972712
2023-10-10,0.76,0.8,0.76,0.79,0.79,64000,0.053333333333333455
2023-10-11,0.8,0.8,0.77,0.78,0.78,26100,-0.012658227848101222
2023-10-12,0.78,0.8,0.77,0.77,0.77,21200,-0.012820512820512886
2023-10-13,0.78,0.79,0.77,0.78,0.78,40900,0.012987012987013102
2023-10-16,0.79,0.8,0.77,0.77,0.77,43500,-0.012820512820512886
2023-10-17,0.77,0.8,0.74,0.78,0.78,38300,0.012987012987013102
2023-10-18,0.77,0.84,0.77,0.83,0.83,151100,0.0641025641025641
2023-10-19,0.83,0.83,0.79,0.83,0.83,50000,0.0
2023-10-20,0.83,0.86,0.81,0.83,0.83,145600,0.0
2023-10-23,0.82,0.83,0.78,0.79,0.79,65500,-0.04819277108433728
2023-10-24,0.78,0.83,0.78,0.79,0.79,61400,0.0
2023-10-25,0.8,0.81,0.78,0.8,0.8,63800,0.012658227848101333
2023-10-26,0.81,0.82,0.77,0.79,0.79,38200,-0.012499999999999956
2023-10-27,0.8,0.8,0.78,0.79,0.79,35600,0.0
2023-10-30,0.78,0.81,0.75,0.77,0.77,151200,-0.025316455696202556
2023-10-31,0.77,0.79,0.77,0.77,0.77,51800,0.0
2023-11-01,0.77,0.79,0.77,0.79,0.79,17800,0.025974025974025983
2023-11-02,0.79,0.79,0.77,0.78,0.78,32800,-0.012658227848101222
2023-11-03,0.79,0.8,0.78,0.79,0.79,84700,0.012820512820512775
2023-11-06,0.81,0.81,0.78,0.78,0.78,39000,-0.012658227848101222
2023-11-07,0.79,0.79,0.74,0.76,0.76,105600,-0.02564102564102566
2023-11-08,0.77,0.77,0.73,0.76,0.76,61400,0.0
2023-11-09,0.72,0.72,0.58,0.65,0.65,276900,-0.08196721311475397
2023-11-10,0.63,0.7,0.6,0.65,0.65,123500,0.0
2023-11-13,0.65,0.65,0.61,0.62,0.62,116300,-0.04615384615384621
2023-11-14,0.61,0.68,0.61,0.65,0.65,60200,0.048387096774193505
2023-11-15,0.67,0.72,0.65,0.69,0.69,99400,0.06153846153846132
2023-11-16,0.69,0.73,0.69,0.72,0.72,88500,0.04347826086956519
2023-11-17,0.68,0.74,0.68,0.69,0.69,48000,-0.04166666666666674
2023-11-20,0.66,0.72,0.66,0.68,0.68,29800,-0.014492753623188248
2023-11-21,0.7,0.72,0.7,0.71,0.71,21100,0.04411764705882337
2023-11-22,0.73,0.73,0.67,0.67,0.67,59000,-0.05633802816901401
2023-11-24,0.67,0.71,0.67,0.69,0.69,27800,0.02985074626865658
2023-11-27,0.69,0.69,0.67,0.67,0.67,24100,-0.02898550724637672
2023-11-28,0.64,0.71,0.64,0.68,0.68,79500,0.014925373134328401
2023-11-29,0.71,0.71,0.68,0.68,0.68,10100,0.0
2023-11-30,0.7,0.72,0.69,0.72,0.72,11300,0.0588235294117645
2023-12-01,0.72,0.73,0.69,0.73,0.73,21600,0.01388888888888884
2023-12-04,0.73,0.74,0.7,0.7,0.7,37500,-0.04109589041095896
2023-12-05,0.7,0.7,0.69,0.69,0.69,16600,-0.014285714285714346
2023-12-06,0.7,0.7,0.67,0.69,0.69,35000,0.0
2023-12-07,0.69,0.69,0.68,0.68,0.68,36500,-0.014492753623188248
2023-12-08,0.68,0.7,0.68,0.69,0.69,35600,0.014705882352941124
2023-12-11,0.69,0.73,0.69,0.7,0.7,13700,0.01449275362318847
2023-12-12,0.71,0.72,0.69,0.69,0.69,44600,-0.014285714285714346
2023-12-13,0.71,0.72,0.68,0.7,0.7,73400,0.01449275362318847
2023-12-14,0.69,0.73,0.69,0.72,0.72,32700,0.028571428571428692
2023-12-15,0.73,0.74,0.69,0.69,0.69,41900,-0.04166666666666674
2023-12-18,0.7,0.73,0.69,0.7,0.7,39000,0.01449275362318847
2023-12-19,0.71,0.73,0.68,0.72,0.72,48600,0.028571428571428692
2023-12-20,0.71,0.78,0.71,0.76,0.76,161000,0.05555555555555558
2023-12-21,0.79,0.8,0.76,0.78,0.78,36200,0.026315789473684292
2023-12-22,0.77,0.78,0.74,0.76,0.76,55000,-0.02564102564102566
2023-12-26,0.76,0.76,0.68,0.69,0.69,146200,-0.08196721311475397
2023-12-27,0.68,0.73,0.68,0.71,0.71,68200,0.02898550724637694
2023-12-28,0.72,0.73,0.72,0.72,0.72,52500,0.014084507042253502
2023-12-29,0.71,0.72,0.71,0.71,0.71,33500,-0.01388888888888895
2024-01-02,0.71,0.74,0.71,0.73,0.73,16500,0.028169014084507005
2024-01-03,0.74,0.8,0.71,0.78,0.78,102000,0.06849315068493156
2024-01-04,0.78,0.8,0.77,0.79,0.79,71300,0.012820512820512775
2024-01-05,0.79,0.8,0.78,0.78,0.78,13000,-0.012658227848101222
2024-01-08,0.79,0.82,0.77,0.79,0.79,50200,0.012820512820512775
2024-01-09,0.79,0.79,0.75,0.76,0.76,15800,-0.03797468354430378
2024-01-10,0.74,0.82,0.72,0.74,0.74,44200,-0.02631578947368418
2024-01-11,0.78,0.81,0.75,0.81,0.81,28600,0.08510638297872353
2024-01-12,0.79,0.83,0.78,0.81,0.81,19900,0.0
2024-01-16,0.83,0.83,0.76,0.77,0.77,37400,-0.04938271604938271
2024-01-17,0.79,0.81,0.77,0.78,0.78,13000,0.012987012987013102
2024-01-18,0.81,0.81,0.77,0.77,0.77,16000,-0.012820512820512886
2024-01-19,0.78,0.8,0.72,0.72,0.72,61700,-0.06493506493506496
2024-01-22,0.72,0.79,0.72,0.73,0.73,40500,0.01388888888888884
2024-01-23,0.72,0.76,0.71,0.72,0.72,35000,-0.013698630136986356
2024-01-24,0.74,0.76,0.72,0.75,0.75,21400,0.04166666666666674
2024-01-25,0.77,0.77,0.72,0.73,0.73,29500,-0.026666666666666727
2024-01-26,0.76,0.76,0.71,0.75,0.75,16300,0.027397260273972712
2024-01-29,0.75,0.75,0.71,0.75,0.75,18800,0.0
2024-01-30,0.72,0.75,0.72,0.75,0.75,18600,0.0
2024-01-31,0.74,0.74,0.71,0.71,0.71,12300,-0.053333333333333344
2024-02-01,0.72,0.72,0.71,0.72,0.72,6600,0.014084507042253502
2024-02-02,0.72,0.72,0.71,0.72,0.72,9200,0.0
2024-02-05,0.72,0.72,0.7,0.71,0.71,20200,-0.01388888888888895
2024-02-06,0.71,0.72,0.7,0.71,0.71,82200,0.0
2024-02-07,0.75,0.75,0.7,0.73,0.73,45600,0.028169014084507005
2024-02-08,0.75,0.75,0.71,0.72,0.72,58800,-0.013698630136986356
2024-02-09,0.73,0.73,0.71,0.72,0.72,53200,0.0
2024-02-12,0.71,0.74,0.71,0.72,0.72,14500,0.0
2024-02-13,0.75,0.75,0.71,0.75,0.75,31100,0.04166666666666674
2024-02-14,0.72,0.75,0.72,0.75,0.75,10600,0.0
2024-02-15,0.75,0.75,0.72,0.74,0.74,35900,-0.013333333333333308
2024-02-16,0.74,0.75,0.72,0.72,0.72,12200,-0.027027027027027084
2024-02-20,0.74,0.75,0.72,0.73,0.73,18800,0.01388888888888884
2024-02-21,0.75,0.75,0.72,0.74,0.74,8500,0.013698630136986356
2024-02-22,0.75,0.75,0.72,0.73,0.73,47800,-0.013513513513513487
2024-02-23,0.74,0.74,0.7,0.7,0.7,96300,-0.04109589041095896
2024-02-26,0.73,0.73,0.7,0.71,0.71,59400,0.014285714285714235
2024-02-27,0.7,0.74,0.7,0.7,0.7,46700,-0.014084507042253502
2024-02-28,0.71,0.72,0.69,0.7,0.7,38300,0.0
2024-02-29,0.71,0.72,0.69,0.69,0.69,58300,-0.014285714285714346
2024-03-01,0.7,0.73,0.7,0.71,0.71,45500,0.02898550724637694
2024-03-04,0.74,0.74,0.7,0.71,0.71,72000,0.0
2024-03-05,0.72,0.73,0.71,0.72,0.72,29900,0.014084507042253502
2024-03-06,0.72,0.73,0.7,0.7,0.7,61900,-0.02777777777777779
2024-03-07,0.82,0.93,0.82,0.92,0.92,1697400,0.08510638297872353
2024-03-08,0.85,0.94,0.85,0.89,0.89,437800,-0.03260869565217395
2024-03-11,0.9,0.93,0.88,0.9,0.9,128700,0.011235955056179803
2024-03-12,0.89,0.92,0.88,0.88,0.88,235500,-0.022222222222222254
2024-03-13,0.87,0.92,0.87,0.9,0.9,186500,0.022727272727272707
2024-03-14,0.91,0.93,0.87,0.9,0.9,265600,0.0
2024-03-15,0.9,0.92,0.89,0.92,0.92,75100,0.022222222222222143
2024-03-18,0.92,0.95,0.9,0.91,0.91,130200,-0.010869565217391353
2024-03-19,0.9,0.91,0.9,0.9,0.9,207000,-0.01098901098901095
2024-03-20,0.89,0.91,0.88,0.9,0.9,32000,0.0
2024-03-21,0.9,0.91,0.9,0.91,0.91,30200,0.011111111111111072
2024-03-22,0.91,0.91,0.88,0.91,0.91,25500,0.0
2024-03-25,0.91,0.92,0.89,0.9,0.9,44300,-0.01098901098901095
2024-03-26,0.92,0.92,0.89,0.89,0.89,30300,-0.011111111111111072
2024-03-27,0.9,0.91,0.88,0.9,0.9,64900,0.011235955056179803
2024-03-28,0.9,0.92,0.9,0.91,0.91,178000,0.011111111111111072
2024-04-01,0.92,0.93,0.91,0.92,0.92,34500,0.01098901098901095
2024-04-02,0.93,1.02,0.91,1.0,1.0,736900,0.08510638297872353
2024-04-03,1.0,1.06,0.97,1.06,1.06,883900,0.06000000000000005
2024-04-04,1.04,1.08,1.03,1.08,1.08,179200,0.018867924528301883
2024-04-05,1.07,1.12,1.05,1.12,1.12,148100,0.03703703703703698
2024-04-08,1.12,1.12,1.08,1.11,1.11,121000,-0.008928571428571397
2024-04-09,1.1,1.11,1.06,1.11,1.11,76200,0.0
2024-04-10,1.06,1.1,1.06,1.09,1.09,89400,-0.018018018018018056
2024-04-11,1.09,1.14,1.08,1.13,1.13,33900,0.0366972477064218
2024-04-12,1.14,1.19,1.1,1.1,1.1,152900,-0.0265486725663715
2024-04-15,1.02,1.12,1.02,1.09,1.09,134800,-0.00909090909090915
2024-04-16,1.07,1.11,1.07,1.11,1.11,63300,0.01834862385321112
2024-04-17,1.08,1.31,1.08,1.13,1.13,491700,0.018018018018017834
2024-04-18,1.15,1.17,1.13,1.13,1.13,66300,0.0
2024-04-19,1.11,1.25,1.11,1.24,1.24,169100,0.08510638297872353
2024-04-22,1.23,1.28,1.22,1.26,1.26,151900,0.016129032258064502
2024-04-23,1.24,1.27,1.21,1.25,1.25,88000,-0.007936507936507908
2024-04-24,1.21,1.25,1.21,1.25,1.25,38900,0.0
2024-04-25,1.25,1.25,1.12,1.24,1.24,274900,-0.008000000000000007
2024-04-26,1.25,1.27,1.19,1.26,1.26,68100,0.016129032258064502
