Date,Open,High,Low,Close,Adj Close,Volume
2018-01-02,1.47,1.47,1.4,1.4,1.4,39400
2018-01-03,1.43,1.43,1.35,1.37,1.37,38700
2018-01-04,1.37,1.42,1.2,1.37,1.37,165600
2018-01-05,1.37,1.38,1.34,1.34,1.34,18700
2018-01-08,1.32,1.34,1.28,1.31,1.31,42900
2018-01-09,1.3,1.31,1.29,1.31,1.31,20700
2018-01-10,1.31,1.4,1.3,1.39,1.39,104100
2018-01-11,1.4,1.48,1.37,1.45,1.45,90700
2018-01-12,1.46,1.75,1.46,1.49,1.49,306000
2018-01-16,1.63,1.74,1.56,1.61,1.61,148800
2018-01-17,1.64,1.69,1.57,1.61,1.61,118500
2018-01-18,1.63,1.65,1.51,1.52,1.52,42300
2018-01-19,1.51,1.55,1.5,1.53,1.53,66900
2018-01-22,1.54,1.57,1.53,1.55,1.55,46100
2018-01-23,1.59,1.6,1.53,1.57,1.57,38500
2018-01-24,1.6,1.62,1.59,1.6,1.6,60600
2018-01-25,1.62,1.69,1.61,1.61,1.61,133800
2018-01-26,1.59,1.64,1.57,1.63,1.63,87100
2018-01-29,1.71,1.71,1.5,1.56,1.56,200000
2018-01-30,1.51,1.58,1.5,1.56,1.56,75200
2018-01-31,1.57,1.57,1.53,1.53,1.53,37000
2018-02-01,1.53,1.53,1.26,1.45,1.45,255000
2018-02-02,1.42,1.49,1.42,1.42,1.42,64600
2018-02-05,1.41,1.47,1.39,1.4,1.4,51600
2018-02-06,1.38,1.43,1.3,1.38,1.38,78300
2018-02-07,1.39,1.42,1.36,1.38,1.38,46300
2018-02-08,1.39,1.45,1.39,1.44,1.44,36500
2018-02-09,1.51,1.51,1.39,1.42,1.42,81300
2018-02-12,1.45,1.53,1.45,1.5,1.5,127900
2018-02-13,1.53,1.55,1.51,1.54,1.54,94800
2018-02-14,1.58,1.68,1.57,1.62,1.62,133900
2018-02-15,1.7,1.7,1.51,1.55,1.55,89500
2018-02-16,1.56,1.56,1.51,1.54,1.54,53600
2018-02-20,1.57,1.68,1.5,1.59,1.59,101600
2018-02-21,1.6,1.6,1.48,1.49,1.49,70200
2018-02-22,1.49,1.51,1.45,1.45,1.45,111900
2018-02-23,1.45,1.5,1.43,1.48,1.48,41200
2018-02-26,1.46,1.56,1.46,1.54,1.54,69600
2018-02-27,1.56,1.57,1.52,1.55,1.55,48600
2018-02-28,1.54,1.56,1.48,1.52,1.52,76600
2018-03-01,1.53,1.57,1.53,1.55,1.55,57900
2018-03-02,1.57,1.58,1.54,1.58,1.58,16700
2018-03-05,1.53,1.62,1.5,1.5,1.5,22800
2018-03-06,1.52,1.6,1.52,1.54,1.54,29100
2018-03-07,1.48,1.58,1.48,1.53,1.53,39800
2018-03-08,1.5,1.59,1.49,1.54,1.54,63400
2018-03-09,1.6,1.62,1.54,1.58,1.58,81400
2018-03-12,1.58,1.69,1.58,1.65,1.65,116100
2018-03-13,1.66,1.68,1.64,1.65,1.65,58200
2018-03-14,1.64,1.67,1.56,1.56,1.56,13800
2018-03-15,1.57,1.66,1.56,1.65,1.65,28200
2018-03-16,1.65,1.67,1.5,1.5,1.5,43300
2018-03-19,1.69,1.69,1.55,1.61,1.61,83800
2018-03-20,1.55,1.64,1.55,1.55,1.55,62200
2018-03-21,1.6,1.75,1.57,1.72,1.72,106400
2018-03-22,1.69,1.78,1.59,1.74,1.74,83600
2018-03-23,1.72,1.79,1.62,1.67,1.67,130900
2018-03-26,1.67,1.73,1.67,1.71,1.71,39700
2018-03-27,1.73,1.74,1.67,1.69,1.69,50500
2018-03-28,1.7,1.72,1.67,1.68,1.68,20500
2018-03-29,1.67,1.7,1.66,1.66,1.66,16100
2018-04-02,1.65,1.67,1.61,1.63,1.63,39600
2018-04-03,1.62,1.71,1.62,1.65,1.65,25100
2018-04-04,1.65,1.72,1.65,1.71,1.71,22200
2018-04-05,1.78,1.79,1.72,1.76,1.76,121200
2018-04-06,1.77,1.77,1.72,1.75,1.75,18800
2018-04-09,1.61,1.74,1.6,1.68,1.68,51800
2018-04-10,1.69,1.85,1.68,1.8,1.8,129100
2018-04-11,1.9,2.1,1.85,1.9,1.9,163600
2018-04-12,1.91,1.94,1.85,1.9,1.9,36300
2018-04-13,1.86,1.95,1.86,1.88,1.88,97100
2018-04-16,1.92,1.92,1.9,1.91,1.91,23900
2018-04-17,1.97,1.97,1.9,1.92,1.92,51900
2018-04-18,1.93,1.95,1.9,1.91,1.91,24300
2018-04-19,1.93,1.96,1.85,1.96,1.96,47800
2018-04-20,1.96,1.97,1.91,1.95,1.95,18900
2018-04-23,1.95,1.95,1.93,1.95,1.95,31400
2018-04-24,1.93,1.94,1.91,1.92,1.92,27500
2018-04-25,1.91,1.95,1.89,1.9,1.9,55100
2018-04-26,1.9,1.91,1.86,1.88,1.88,64700
2018-04-27,1.88,1.92,1.88,1.9,1.9,56000
2018-04-30,1.9,1.92,1.86,1.86,1.86,53800
2018-05-01,1.85,1.88,1.82,1.83,1.83,39900
2018-05-02,1.83,1.9,1.83,1.89,1.89,16000
2018-05-03,1.9,1.92,1.87,1.88,1.88,10600
2018-05-04,1.89,1.92,1.88,1.9,1.9,32200
2018-05-07,1.91,1.91,1.86,1.86,1.86,52000
2018-05-08,1.85,1.88,1.85,1.87,1.87,13600
2018-05-09,1.88,1.93,1.88,1.92,1.92,30900
2018-05-10,1.95,2.07,1.94,1.99,1.99,78000
2018-05-11,1.99,2.24,1.99,2.16,2.16,157700
2018-05-14,2.3,2.33,2.2,2.24,2.24,192800
2018-05-15,2.3,2.3,2.16,2.17,2.17,84900
2018-05-16,2.14,2.25,2.13,2.24,2.24,57500
2018-05-17,2.26,2.26,2.16,2.19,2.19,44700
2018-05-18,2.17,2.23,2.15,2.2,2.2,75100
2018-05-21,2.21,2.26,2.18,2.24,2.24,115600
2018-05-22,2.26,2.28,2.15,2.23,2.23,126400
2018-05-23,2.24,2.25,2.04,2.22,2.22,128700
2018-05-24,2.24,2.24,2.1,2.13,2.13,47600
2018-05-25,2.12,2.12,1.97,2.02,2.02,136900
2018-05-29,2.05,2.2,2.05,2.17,2.17,140300
2018-05-30,2.2,2.2,2.06,2.15,2.15,50400
2018-05-31,2.15,2.16,2.06,2.07,2.07,78600
2018-06-01,2.05,2.09,2.02,2.02,2.02,48900
2018-06-04,2.02,2.07,2.02,2.05,2.05,47000
2018-06-05,2.05,2.12,2.05,2.07,2.07,25900
2018-06-06,2.08,2.09,2.05,2.05,2.05,34500
2018-06-07,2.05,2.06,2.03,2.04,2.04,27000
2018-06-08,2.04,2.1,2.04,2.08,2.08,39800
2018-06-11,2.08,2.1,2.06,2.1,2.1,45000
2018-06-12,2.08,2.19,2.08,2.19,2.19,42600
2018-06-13,2.2,2.29,2.16,2.24,2.24,187700
2018-06-14,2.24,2.24,2.0,2.07,2.07,109900
2018-06-15,2.1,2.1,2.02,2.05,2.05,66000
2018-06-18,2.05,2.06,1.78,1.9,1.9,186800
2018-06-19,1.85,1.9,1.81,1.82,1.82,113500
2018-06-20,1.84,1.95,1.83,1.95,1.95,43700
2018-06-21,1.94,1.98,1.85,1.85,1.85,33100
2018-06-22,1.86,1.92,1.85,1.92,1.92,86500
2018-06-25,1.91,1.92,1.9,1.92,1.92,24600
2018-06-26,1.91,1.92,1.89,1.89,1.89,23500
2018-06-27,1.91,1.92,1.91,1.92,1.92,22100
2018-06-28,1.92,1.92,1.86,1.88,1.88,30300
2018-06-29,1.87,1.95,1.87,1.94,1.94,20400
2018-07-02,1.94,1.95,1.88,1.89,1.89,85800
2018-07-03,1.9,1.97,1.9,1.93,1.93,37000
2018-07-05,1.91,1.92,1.89,1.89,1.89,19000
2018-07-06,1.87,1.92,1.86,1.87,1.87,13400
2018-07-09,1.86,1.91,1.82,1.89,1.89,101700
2018-07-10,1.89,1.95,1.87,1.93,1.93,16700
2018-07-11,1.92,1.93,1.88,1.88,1.88,10800
2018-07-12,1.89,1.89,1.84,1.86,1.86,22300
2018-07-13,1.88,1.88,1.81,1.81,1.81,21800
2018-07-16,1.8,1.81,1.55,1.58,1.58,90600
2018-07-17,1.59,1.6,1.5,1.6,1.6,107500
2018-07-18,1.61,1.85,1.61,1.8,1.8,80200
2018-07-19,1.79,1.79,1.68,1.68,1.68,16200
2018-07-20,1.68,1.85,1.67,1.72,1.72,9400
2018-07-23,1.71,1.71,1.69,1.7,1.7,4400
2018-07-24,1.69,1.7,1.6,1.6,1.6,30800
2018-07-25,1.62,1.67,1.62,1.65,1.65,58700
2018-07-26,1.66,1.8,1.66,1.74,1.74,36200
2018-07-27,1.75,1.76,1.66,1.75,1.75,21200
2018-07-30,1.75,1.77,1.73,1.77,1.77,15600
2018-07-31,1.8,1.85,1.8,1.81,1.81,42200
2018-08-01,1.79,1.89,1.78,1.87,1.87,30700
2018-08-02,1.95,1.98,1.84,1.9,1.9,43700
2018-08-03,1.96,1.96,1.76,1.79,1.79,74100
2018-08-06,1.81,1.88,1.8,1.86,1.86,27600
2018-08-07,1.86,1.92,1.84,1.9,1.9,26000
2018-08-08,1.91,1.92,1.84,1.86,1.86,14100
2018-08-09,1.85,1.96,1.71,1.91,1.91,74600
2018-08-10,1.94,1.94,1.71,1.9,1.9,19500
2018-08-13,1.8,1.88,1.77,1.77,1.77,36300
2018-08-14,1.84,1.87,1.82,1.87,1.87,19500
2018-08-15,1.86,1.86,1.82,1.84,1.84,25100
2018-08-16,1.83,1.85,1.81,1.82,1.82,25700
2018-08-17,1.82,1.86,1.82,1.84,1.84,31200
2018-08-20,1.79,1.84,1.79,1.82,1.82,33700
2018-08-21,1.81,1.83,1.72,1.79,1.79,9100
2018-08-22,1.8,1.84,1.8,1.83,1.83,8600
2018-08-23,1.79,1.83,1.79,1.8,1.8,10900
2018-08-24,1.81,1.9,1.8,1.85,1.85,41500
2018-08-27,1.86,1.87,1.8,1.8,1.8,20000
2018-08-28,1.8,1.92,1.8,1.86,1.86,49900
2018-08-29,1.88,1.9,1.86,1.9,1.9,6600
2018-08-30,1.9,1.94,1.9,1.93,1.93,37500
2018-08-31,1.95,1.95,1.89,1.95,1.95,62200
2018-09-04,1.95,1.97,1.94,1.96,1.96,59600
2018-09-05,1.93,1.96,1.93,1.93,1.93,4900
2018-09-06,1.96,2.58,1.93,2.33,2.33,1459400
2018-09-07,2.45,2.45,2.35,2.43,2.43,305600
2018-09-10,2.5,2.7,2.47,2.52,2.52,464100
2018-09-11,2.69,2.7,2.55,2.62,2.62,271100
2018-09-12,2.65,2.97,2.57,2.74,2.74,203000
2018-09-13,2.75,2.75,2.7,2.71,2.71,140600
2018-09-14,2.64,2.76,2.62,2.72,2.72,144600
2018-09-17,2.75,2.8,2.75,2.79,2.79,154100
2018-09-18,2.7,2.86,2.6,2.85,2.85,303200
2018-09-19,2.9,3.07,2.83,2.98,2.98,382300
2018-09-20,3.05,3.19,2.98,3.12,3.12,332000
2018-09-21,3.14,3.15,3.04,3.15,3.15,235800
2018-09-24,3.19,3.33,3.1,3.33,3.33,401000
2018-09-25,3.35,3.39,3.11,3.17,3.17,381000
2018-09-26,3.15,3.34,3.14,3.29,3.29,94600
2018-09-27,3.29,3.35,3.17,3.2,3.2,80000
2018-09-28,3.2,3.35,3.19,3.19,3.19,145400
2018-10-01,3.25,3.54,3.17,3.52,3.52,410100
2018-10-02,3.59,3.8,3.56,3.66,3.66,647500
2018-10-03,3.66,3.95,3.56,3.83,3.83,527200
2018-10-04,3.94,3.95,3.55,3.84,3.84,495200
2018-10-05,3.84,3.93,3.7,3.75,3.75,412700
2018-10-08,3.7,4.49,3.6,4.18,4.18,768400
2018-10-09,4.25,4.85,4.25,4.45,4.45,942400
2018-10-10,4.48,4.54,3.31,4.0,4.0,993500
2018-10-11,3.63,3.88,2.62,3.3,3.3,1081200
2018-10-12,3.7,3.7,3.2,3.4,3.4,306900
2018-10-15,3.39,3.77,3.39,3.69,3.69,682100
2018-10-16,3.77,4.22,3.69,4.18,4.18,839300
2018-10-17,4.97,4.97,4.05,4.5,4.5,732400
2018-10-18,4.6,4.71,4.43,4.51,4.51,619500
2018-10-19,4.61,5.03,4.51,4.55,4.55,679900
2018-10-22,4.65,5.05,4.55,5.04,5.04,733500
2018-10-23,4.91,4.91,4.13,4.35,4.35,755800
2018-10-24,4.41,4.6,4.2,4.23,4.23,392800
2018-10-25,4.24,4.25,3.39,3.7,3.7,705900
2018-10-26,3.64,4.17,3.53,4.06,4.06,397700
2018-10-29,4.05,4.13,3.55,3.57,3.57,355400
2018-10-30,3.51,3.9,3.31,3.75,3.75,315100
2018-10-31,3.81,3.96,3.76,3.96,3.96,250800
2018-11-01,4.0,4.01,3.54,3.73,3.73,528800
2018-11-02,3.62,3.73,3.45,3.49,3.49,190000
2018-11-05,3.49,3.63,3.36,3.54,3.54,301500
2018-11-06,3.53,3.72,3.37,3.48,3.48,201400
2018-11-07,3.6,3.8,3.41,3.8,3.8,332600
2018-11-08,3.3,3.3,2.8,2.91,2.91,726900
2018-11-09,2.81,2.9,2.42,2.47,2.47,555600
2018-11-12,2.12,2.3,2.11,2.15,2.15,604800
2018-11-13,2.15,2.2,1.9,1.92,1.92,339900
2018-11-14,1.93,2.04,1.73,1.82,1.82,294400
2018-11-15,1.71,1.89,1.67,1.76,1.76,390400
2018-11-16,1.74,1.86,1.74,1.79,1.79,378300
2018-11-19,1.74,1.78,1.62,1.7,1.7,415100
2018-11-20,1.69,1.7,1.62,1.63,1.63,245300
2018-11-21,1.62,1.75,1.62,1.67,1.67,144000
2018-11-23,1.57,1.72,1.56,1.6,1.6,132900
2018-11-26,1.74,2.08,1.73,2.08,2.08,1994500
2018-11-27,1.95,2.04,1.88,1.95,1.95,422900
2018-11-28,1.94,2.0,1.63,1.73,1.73,672900
2018-11-29,1.66,1.88,1.66,1.79,1.79,173900
2018-11-30,1.75,1.77,1.7,1.7,1.7,119300
2018-12-03,1.81,1.81,1.72,1.78,1.78,162000
2018-12-04,1.79,1.81,1.69,1.69,1.69,96900
2018-12-06,1.69,1.71,1.53,1.61,1.61,188300
2018-12-07,1.7,1.76,1.62,1.68,1.68,225900
2018-12-10,1.65,1.8,1.6,1.71,1.71,137300
2018-12-11,1.79,1.79,1.45,1.51,1.51,632400
2018-12-12,1.52,1.56,1.46,1.47,1.47,130500
2018-12-13,1.41,1.51,1.41,1.48,1.48,67700
2018-12-14,1.48,1.48,1.41,1.45,1.45,71300
2018-12-17,1.45,1.45,1.28,1.31,1.31,300900
2018-12-18,1.31,1.31,1.21,1.23,1.23,199200
2018-12-19,1.2,1.25,1.11,1.12,1.12,249900
2018-12-20,1.08,1.16,1.02,1.05,1.05,293800
2018-12-21,1.03,1.12,1.02,1.05,1.05,191100
2018-12-24,1.02,1.1,1.02,1.1,1.1,45300
2018-12-26,1.14,1.23,1.06,1.16,1.16,148200
2018-12-27,1.13,1.15,1.09,1.13,1.13,68800
2018-12-28,1.14,1.25,1.14,1.23,1.23,104800
2018-12-31,1.26,1.29,1.15,1.17,1.17,109300
2019-01-02,1.15,1.32,1.1,1.28,1.28,172600
2019-01-03,1.3,1.3,1.2,1.26,1.26,99300
2019-01-04,1.28,1.4,1.25,1.3,1.3,137800
2019-01-07,1.35,1.39,1.28,1.38,1.38,237900
2019-01-08,1.39,1.45,1.32,1.33,1.33,212400
2019-01-09,1.36,1.45,1.33,1.41,1.41,126100
2019-01-10,1.41,1.58,1.39,1.54,1.54,225300
2019-01-11,1.52,1.63,1.43,1.48,1.48,196200
2019-01-14,1.45,1.57,1.35,1.43,1.43,250100
2019-01-15,1.42,1.6,1.38,1.52,1.52,121100
2019-01-16,1.53,1.62,1.47,1.54,1.54,129400
2019-01-17,1.54,1.78,1.5,1.75,1.75,256200
2019-01-18,1.79,2.2,1.79,1.87,1.87,513300
2019-01-22,1.9,2.07,1.85,1.89,1.89,207800
2019-01-23,1.92,1.92,1.62,1.75,1.75,192500
2019-01-24,1.72,1.81,1.67,1.74,1.74,119200
2019-01-25,1.73,1.8,1.67,1.71,1.71,91200
2019-01-28,1.72,1.82,1.72,1.8,1.8,98100
2019-01-29,1.96,1.96,1.75,1.79,1.79,300900
2019-01-30,1.77,1.89,1.76,1.84,1.84,176200
2019-01-31,1.89,1.93,1.76,1.85,1.85,128300
2019-02-01,1.85,1.85,1.73,1.74,1.74,86500
2019-02-04,1.71,1.74,1.6,1.69,1.69,111400
2019-02-05,1.7,1.73,1.66,1.68,1.68,27000
2019-02-06,1.65,1.66,1.49,1.55,1.55,105300
2019-02-07,1.53,1.63,1.53,1.53,1.53,21400
2019-02-08,1.55,1.58,1.45,1.51,1.51,40900
2019-02-11,1.49,1.59,1.42,1.52,1.52,80600
2019-02-12,1.56,1.64,1.51,1.59,1.59,69700
2019-02-13,1.59,1.75,1.57,1.64,1.64,171000
2019-02-14,1.68,1.75,1.65,1.67,1.67,62900
2019-02-15,1.68,1.74,1.61,1.64,1.64,141000
2019-02-19,1.6,1.7,1.59,1.64,1.64,67700
2019-02-20,1.6,1.81,1.59,1.71,1.71,87600
2019-02-21,1.67,1.7,1.52,1.56,1.56,278600
2019-02-22,1.57,1.66,1.56,1.6,1.6,51500
2019-02-25,1.6,1.65,1.52,1.55,1.55,160200
2019-02-26,1.55,1.6,1.5,1.58,1.58,145000
2019-02-27,1.58,1.63,1.53,1.6,1.6,56500
2019-02-28,1.6,1.61,1.53,1.6,1.6,104400
2019-03-01,1.61,1.65,1.57,1.63,1.63,81200
2019-03-04,1.63,1.65,1.56,1.59,1.59,72700
2019-03-05,1.6,1.64,1.58,1.61,1.61,123500
2019-03-06,1.6,1.6,1.46,1.49,1.49,248300
2019-03-07,1.46,1.55,1.46,1.52,1.52,135700
2019-03-08,1.48,1.53,1.46,1.49,1.49,104800
2019-03-11,1.49,1.52,1.33,1.39,1.39,197700
2019-03-12,1.4,1.48,1.4,1.46,1.46,101100
2019-03-13,1.46,1.55,1.4,1.43,1.43,117500
2019-03-14,1.42,1.43,1.36,1.36,1.36,64200
2019-03-15,1.36,1.4,1.35,1.38,1.38,30600
2019-03-18,1.4,1.45,1.35,1.41,1.41,133000
2019-03-19,1.41,1.43,1.35,1.36,1.36,41100
2019-03-20,1.36,1.43,1.31,1.34,1.34,89500
2019-03-21,1.33,1.41,1.33,1.33,1.33,122200
2019-03-22,1.32,1.4,1.32,1.33,1.33,50800
2019-03-25,1.31,1.37,1.31,1.36,1.36,31200
2019-03-26,1.35,1.42,1.31,1.31,1.31,45000
2019-03-27,1.3,1.38,1.3,1.35,1.35,31700
2019-03-28,1.35,1.42,1.3,1.35,1.35,62300
2019-03-29,1.4,1.44,1.3,1.32,1.32,125300
2019-04-01,1.35,1.38,1.33,1.34,1.34,64600
2019-04-02,1.33,1.37,1.25,1.31,1.31,115200
2019-04-03,1.32,1.32,1.25,1.27,1.27,46100
2019-04-04,1.27,1.34,1.25,1.26,1.26,62600
2019-04-05,1.26,1.33,1.26,1.32,1.32,60700
2019-04-08,1.32,1.34,1.29,1.34,1.34,31500
2019-04-09,1.34,1.35,1.1,1.25,1.25,2199500
2019-04-10,1.26,1.37,1.22,1.27,1.27,148000
2019-04-11,1.25,1.28,1.23,1.25,1.25,22700
2019-04-12,1.26,1.27,1.17,1.17,1.17,91700
2019-04-15,1.18,1.19,1.11,1.12,1.12,87400
2019-04-16,1.11,1.14,1.07,1.1,1.1,91600
2019-04-17,1.07,1.16,1.06,1.12,1.12,79400
2019-04-18,1.12,1.22,1.06,1.09,1.09,113500
2019-04-22,1.08,1.13,1.03,1.04,1.04,437100
2019-04-23,1.04,1.08,1.03,1.04,1.04,154700
2019-04-24,1.02,1.06,1.02,1.02,1.02,86500
2019-04-25,1.03,1.06,0.91,1.0,1.0,288100
2019-04-26,0.99,1.04,0.97,1.02,1.02,155800
2019-04-29,1.0,1.02,0.97,1.0,1.0,74800
2019-04-30,1.0,1.01,0.98,1.0,1.0,45800
2019-05-01,0.99,0.99,0.94,0.96,0.96,33900
2019-05-02,0.97,0.98,0.92,0.92,0.92,106400
2019-05-03,0.92,0.94,0.88,0.89,0.89,239600
2019-05-06,0.92,0.96,0.91,0.94,0.94,266500
2019-05-07,0.99,1.01,0.94,0.94,0.94,281100
2019-05-08,1.0,1.04,0.99,1.02,1.02,106100
2019-05-09,1.07,1.14,1.0,1.01,1.01,330700
2019-05-10,1.06,1.06,1.0,1.01,1.01,80500
2019-05-13,1.02,1.02,0.96,0.96,0.96,106600
2019-05-14,1.0,1.0,0.95,0.98,0.98,135600
2019-05-15,1.0,1.01,0.98,1.0,1.0,60900
2019-05-16,1.0,1.02,0.97,1.01,1.01,19300
2019-05-17,1.02,1.02,1.0,1.02,1.02,25400
2019-05-20,1.0,1.02,0.95,0.99,0.99,42600
2019-05-21,1.02,1.02,0.95,1.0,1.0,65600
2019-05-22,1.0,1.0,0.95,0.96,0.96,30600
2019-05-23,0.95,0.95,0.91,0.92,0.92,86400
2019-05-24,0.95,0.96,0.92,0.95,0.95,42400
2019-05-28,0.96,0.99,0.95,0.98,0.98,140900
2019-05-29,0.98,1.04,0.98,1.03,1.03,239400
2019-05-30,1.04,1.18,1.01,1.16,1.16,175600
2019-05-31,1.16,1.18,1.1,1.13,1.13,68900
2019-06-03,1.11,1.16,1.05,1.08,1.08,44200
2019-06-04,1.05,1.19,1.05,1.19,1.19,130900
2019-06-05,1.16,1.21,1.16,1.18,1.18,50400
2019-06-06,1.17,1.2,1.12,1.12,1.12,39400
2019-06-07,1.12,1.18,1.1,1.16,1.16,107900
2019-06-10,1.2,1.2,1.1,1.14,1.14,96400
2019-06-11,1.14,1.16,1.1,1.11,1.11,32100
2019-06-12,1.15,1.15,1.09,1.1,1.1,114300
2019-06-13,1.12,1.14,1.06,1.13,1.13,81700
2019-06-14,1.14,1.14,1.08,1.08,1.08,35500
2019-06-17,1.09,1.11,1.06,1.1,1.1,82300
2019-06-18,1.1,1.1,1.07,1.08,1.08,103200
2019-06-19,1.06,1.09,1.05,1.05,1.05,45700
2019-06-20,1.08,1.09,1.06,1.07,1.07,27700
2019-06-21,1.09,1.09,1.05,1.05,1.05,70000
2019-06-24,1.04,1.05,1.02,1.02,1.02,23000
2019-06-25,1.03,1.06,1.01,1.04,1.04,100500
2019-06-26,1.04,1.07,1.04,1.04,1.04,76500
2019-06-27,1.03,1.07,1.01,1.01,1.01,23300
2019-06-28,1.01,1.06,1.01,1.01,1.01,86300
2019-07-01,1.04,1.04,1.01,1.02,1.02,43800
2019-07-02,1.03,1.03,0.95,0.99,0.99,73500
2019-07-03,0.99,1.0,0.95,0.98,0.98,33400
2019-07-05,0.96,0.99,0.96,0.99,0.99,64800
2019-07-08,0.96,1.0,0.96,0.98,0.98,24700
2019-07-09,0.95,0.98,0.95,0.97,0.97,24500
2019-07-10,0.99,1.0,0.98,0.99,0.99,79200
2019-07-11,1.0,1.04,0.99,0.99,0.99,72400
2019-07-12,0.99,1.01,0.99,1.0,1.0,81400
2019-07-15,1.01,1.01,0.95,0.97,0.97,83000
2019-07-16,1.0,1.0,0.98,0.99,0.99,62900
2019-07-17,0.99,1.0,0.98,0.98,0.98,62200
2019-07-18,0.99,0.99,0.97,0.98,0.98,129600
2019-07-19,1.0,1.0,0.96,0.97,0.97,138300
2019-07-22,1.0,1.01,0.96,1.01,1.01,76000
2019-07-23,0.99,1.02,0.99,0.99,0.99,33800
2019-07-24,0.98,1.02,0.98,0.98,0.98,24700
2019-07-25,1.0,1.0,0.96,0.97,0.97,42500
2019-07-26,0.97,0.98,0.97,0.98,0.98,26000
2019-07-29,0.97,0.99,0.96,0.96,0.96,75300
2019-07-30,0.96,0.97,0.95,0.97,0.97,46700
2019-07-31,0.95,0.99,0.94,0.94,0.94,229800
2019-08-01,0.91,0.96,0.89,0.89,0.89,179100
2019-08-02,0.91,0.93,0.9,0.92,0.92,37800
2019-08-05,0.9,0.91,0.88,0.88,0.88,67200
2019-08-06,0.88,0.92,0.86,0.87,0.87,92800
2019-08-07,0.83,0.9,0.82,0.83,0.83,116600
2019-08-08,0.84,0.9,0.84,0.86,0.86,24500
2019-08-09,0.88,0.91,0.88,0.9,0.9,26300
2019-08-12,0.89,0.89,0.83,0.89,0.89,4700
2019-08-13,0.84,0.89,0.84,0.88,0.88,18900
2019-08-14,0.82,0.87,0.8,0.84,0.84,167700
2019-08-15,0.82,0.9,0.82,0.84,0.84,70900
2019-08-16,0.86,0.89,0.86,0.87,0.87,24400
2019-08-19,0.91,0.91,0.87,0.88,0.88,20600
2019-08-20,0.88,0.88,0.86,0.87,0.87,42100
2019-08-21,0.86,0.88,0.85,0.87,0.87,7800
2019-08-22,0.86,0.87,0.84,0.86,0.86,48500
2019-08-23,0.86,0.86,0.84,0.84,0.84,6700
2019-08-26,0.84,0.85,0.8,0.82,0.82,67100
2019-08-27,0.82,0.86,0.8,0.82,0.82,11500
2019-08-28,0.83,0.83,0.8,0.81,0.81,8200
2019-08-29,0.8,0.85,0.8,0.81,0.81,34700
2019-08-30,0.82,0.87,0.8,0.87,0.87,35800
2019-09-03,0.87,0.87,0.8,0.86,0.86,15100
2019-09-04,0.86,0.86,0.8,0.83,0.83,12600
2019-09-05,0.81,0.86,0.8,0.86,0.86,23200
2019-09-06,0.83,0.86,0.79,0.85,0.85,7700
2019-09-09,0.81,0.85,0.79,0.82,0.82,29000
2019-09-10,0.8,0.85,0.79,0.81,0.81,52900
2019-09-11,0.78,0.81,0.78,0.79,0.79,148300
2019-09-12,0.82,0.82,0.77,0.77,0.77,84200
2019-09-13,0.77,0.82,0.75,0.82,0.82,80000
2019-09-16,0.8,0.87,0.75,0.86,0.86,78700
2019-09-17,0.86,0.93,0.83,0.89,0.89,42700
2019-09-18,0.91,0.91,0.86,0.88,0.88,16100
2019-09-19,0.86,0.89,0.83,0.83,0.83,19300
2019-09-20,0.83,0.85,0.81,0.84,0.84,68800
2019-09-23,0.83,0.83,0.8,0.81,0.81,42100
2019-09-24,0.83,0.85,0.81,0.81,0.81,10100
2019-09-25,0.8,0.84,0.8,0.82,0.82,59000
2019-09-26,0.83,0.92,0.79,0.89,0.89,107300
2019-09-27,0.86,0.96,0.86,0.95,0.95,57300
2019-09-30,0.93,0.98,0.89,0.98,0.98,17500
2019-10-01,0.95,1.0,0.94,0.95,0.95,10800
2019-10-02,0.91,0.93,0.9,0.92,0.92,14200
2019-10-03,0.92,0.92,0.85,0.87,0.87,9900
2019-10-04,0.85,0.92,0.85,0.9,0.9,15000
2019-10-07,0.86,0.92,0.85,0.89,0.89,14700
2019-10-08,0.91,0.91,0.9,0.9,0.9,1800
2019-10-09,0.85,0.88,0.85,0.86,0.86,11100
2019-10-10,0.87,0.87,0.85,0.85,0.85,7300
2019-10-11,0.85,0.91,0.85,0.9,0.9,15300
2019-10-14,0.91,0.92,0.87,0.92,0.92,64700
2019-10-15,0.92,0.93,0.91,0.93,0.93,56200
2019-10-16,0.93,0.93,0.92,0.92,0.92,4100
2019-10-17,0.94,0.94,0.92,0.93,0.93,7800
2019-10-18,0.95,0.95,0.92,0.93,0.93,55600
2019-10-21,0.93,0.97,0.92,0.92,0.92,16400
2019-10-22,0.92,0.92,0.91,0.91,0.91,10200
2019-10-23,0.91,0.96,0.9,0.91,0.91,6700
2019-10-24,0.9,0.91,0.87,0.87,0.87,18800
2019-10-25,0.9,0.9,0.87,0.88,0.88,16900
2019-10-28,0.9,0.91,0.89,0.9,0.9,10100
2019-10-29,0.86,0.92,0.86,0.89,0.89,53800
2019-10-30,0.89,0.9,0.88,0.89,0.89,27300
2019-10-31,0.9,0.9,0.86,0.87,0.87,10800
2019-11-01,0.86,0.92,0.86,0.92,0.92,15200
2019-11-04,0.93,0.95,0.91,0.93,0.93,17400
2019-11-05,0.93,0.93,0.9,0.9,0.9,8100
2019-11-06,0.88,0.9,0.88,0.9,0.9,15400
2019-11-07,0.88,0.91,0.88,0.9,0.9,62500
2019-11-08,0.9,1.05,0.9,0.94,0.94,119600
2019-11-11,0.93,0.99,0.89,0.92,0.92,29900
2019-11-12,0.94,0.95,0.85,0.88,0.88,34100
2019-11-13,0.86,0.93,0.85,0.89,0.89,29000
2019-11-14,0.92,0.92,0.88,0.89,0.89,32900
2019-11-15,0.92,0.93,0.9,0.91,0.91,17100
2019-11-18,0.89,0.92,0.88,0.92,0.92,31900
2019-11-19,0.88,0.9,0.88,0.9,0.9,14200
2019-11-20,0.9,0.91,0.86,0.86,0.86,21300
2019-11-21,0.88,0.89,0.85,0.85,0.85,20700
2019-11-22,0.88,0.91,0.85,0.9,0.9,68900
2019-11-25,0.88,0.95,0.88,0.95,0.95,83800
2019-11-26,0.95,0.95,0.89,0.93,0.93,22700
2019-11-27,0.96,0.96,0.93,0.93,0.93,16400
2019-11-29,0.93,0.94,0.91,0.92,0.92,8100
2019-12-02,0.96,0.96,0.9,0.92,0.92,3900
2019-12-03,0.9,0.9,0.84,0.85,0.85,32400
2019-12-04,0.87,0.9,0.84,0.84,0.84,22700
2019-12-05,0.85,0.86,0.83,0.83,0.83,18000
2019-12-06,0.87,0.87,0.83,0.83,0.83,13600
2019-12-09,0.83,0.85,0.83,0.84,0.84,31400
2019-12-10,0.86,0.87,0.82,0.83,0.83,18000
2019-12-11,0.85,0.85,0.82,0.84,0.84,11000
2019-12-12,0.87,0.87,0.84,0.84,0.84,9800
2019-12-13,0.84,0.85,0.83,0.85,0.85,12900
2019-12-16,0.85,0.85,0.8,0.82,0.82,39200
2019-12-17,0.81,0.85,0.81,0.85,0.85,41900
2019-12-18,0.84,0.87,0.84,0.86,0.86,14500
2019-12-19,0.87,0.9,0.85,0.88,0.88,57100
2019-12-20,0.85,0.88,0.85,0.87,0.87,6700
2019-12-23,0.87,0.88,0.87,0.88,0.88,23700
2019-12-24,0.88,0.89,0.86,0.87,0.87,20200
2019-12-26,0.85,0.88,0.85,0.87,0.87,11000
2019-12-27,0.87,0.87,0.82,0.82,0.82,44300
2019-12-30,0.84,0.85,0.83,0.83,0.83,39400
2019-12-31,0.82,0.85,0.82,0.82,0.82,9000
2020-01-02,0.84,0.84,0.82,0.83,0.83,18100
2020-01-03,0.84,0.85,0.81,0.82,0.82,37000
2020-01-06,0.84,0.86,0.82,0.86,0.86,21300
2020-01-07,0.87,0.87,0.82,0.86,0.86,15400
2020-01-08,0.87,0.87,0.81,0.85,0.85,15600
2020-01-09,0.82,0.86,0.82,0.84,0.84,4800
2020-01-10,0.84,0.85,0.83,0.83,0.83,1300
2020-01-13,0.81,0.82,0.8,0.8,0.8,33000
2020-01-14,0.8,0.83,0.8,0.83,0.83,34000
2020-01-15,0.8,0.83,0.79,0.79,0.79,39200
2020-01-16,0.8,0.8,0.79,0.8,0.8,18500
2020-01-17,0.79,0.81,0.79,0.81,0.81,6800
2020-01-21,0.79,0.8,0.79,0.8,0.8,15500
2020-01-22,0.78,0.79,0.78,0.79,0.79,13400
2020-01-23,0.78,0.79,0.78,0.78,0.78,21000
2020-01-24,0.77,0.78,0.76,0.76,0.76,11700
2020-01-27,0.75,0.75,0.7,0.7,0.7,33300
2020-01-28,0.7,0.72,0.7,0.72,0.72,11900
2020-01-29,0.72,0.75,0.72,0.72,0.72,10900
2020-01-30,0.71,0.72,0.71,0.72,0.72,20200
2020-01-31,0.74,0.74,0.71,0.73,0.73,28600
2020-02-03,0.74,0.74,0.73,0.74,0.74,5500
2020-02-04,0.74,0.74,0.72,0.74,0.74,16800
2020-02-05,0.73,0.74,0.73,0.74,0.74,26900
2020-02-06,0.73,0.74,0.72,0.73,0.73,20400
2020-02-07,0.72,0.76,0.71,0.76,0.76,28700
2020-02-10,0.71,0.75,0.69,0.7,0.7,40500
2020-02-11,0.71,0.72,0.7,0.71,0.71,44200
2020-02-12,0.7,0.72,0.65,0.68,0.68,133100
2020-02-13,0.7,0.71,0.67,0.68,0.68,78900
2020-02-14,0.68,0.7,0.66,0.68,0.68,22600
2020-02-18,0.65,0.66,0.63,0.65,0.65,27200
2020-02-19,0.65,0.66,0.6,0.6,0.6,120700
2020-02-20,0.6,0.63,0.58,0.62,0.62,128200
2020-02-21,0.62,0.66,0.62,0.65,0.65,70100
2020-02-24,0.65,0.67,0.64,0.65,0.65,26500
2020-02-25,0.69,0.7,0.62,0.62,0.62,88800
2020-02-26,0.6,0.64,0.6,0.62,0.62,38100
2020-02-27,0.62,0.62,0.6,0.61,0.61,50700
2020-02-28,0.6,0.62,0.6,0.61,0.61,84900
2020-03-02,0.6,0.61,0.58,0.6,0.6,23900
2020-03-03,0.61,0.63,0.6,0.62,0.62,17400
2020-03-04,0.62,0.67,0.62,0.66,0.66,20200
2020-03-05,0.64,0.65,0.6,0.61,0.61,30900
2020-03-06,0.58,0.65,0.58,0.63,0.63,26400
2020-03-09,0.58,0.6,0.5,0.53,0.53,45900
2020-03-10,0.58,0.6,0.56,0.58,0.58,32000
2020-03-11,0.57,0.57,0.45,0.48,0.48,67500
2020-03-12,0.42,0.44,0.32,0.38,0.38,107600
2020-03-13,0.39,0.45,0.39,0.4,0.4,41400
2020-03-16,0.77,0.77,0.39,0.39,0.39,87200
2020-03-17,0.35,0.35,0.28,0.32,0.32,28000
2020-03-18,0.35,0.35,0.2,0.32,0.32,64900
2020-03-19,0.32,0.32,0.22,0.3,0.3,29800
2020-03-20,0.32,0.32,0.3,0.3,0.3,14300
2020-03-23,0.31,0.31,0.26,0.29,0.29,26200
2020-03-24,0.31,0.34,0.29,0.33,0.33,24700
2020-03-25,0.33,0.34,0.3,0.31,0.31,23800
2020-03-26,0.34,0.37,0.34,0.36,0.36,48900
2020-03-27,0.33,0.35,0.25,0.33,0.33,44000
2020-03-30,0.35,0.35,0.33,0.33,0.33,15900
2020-03-31,0.4,0.4,0.34,0.35,0.35,14700
2020-04-01,0.36,0.37,0.33,0.33,0.33,46700
2020-04-02,0.33,0.43,0.28,0.28,0.28,274900
2020-04-03,0.32,0.33,0.29,0.3,0.3,62300
2020-04-06,0.26,0.3,0.26,0.29,0.29,36300
2020-04-07,0.31,0.32,0.26,0.27,0.27,55800
2020-04-08,0.26,0.64,0.26,0.36,0.36,463700
2020-04-09,0.55,0.82,0.35,0.37,0.37,4655600
2020-04-13,0.49,0.49,0.37,0.39,0.39,797600
2020-04-14,0.34,0.37,0.31,0.33,0.33,373400
2020-04-15,0.33,0.33,0.32,0.33,0.33,177600
2020-04-16,0.34,0.34,0.3,0.3,0.3,340000
2020-04-17,0.3,0.35,0.29,0.31,0.31,557700
2020-04-20,0.31,0.32,0.26,0.31,0.31,184800
2020-04-21,0.3,0.32,0.3,0.3,0.3,125900
2020-04-22,0.3,0.38,0.3,0.36,0.36,461800
2020-04-23,0.4,0.45,0.32,0.41,0.41,1992800
2020-04-24,0.45,0.49,0.39,0.43,0.43,1007500
2020-04-27,0.43,0.49,0.42,0.46,0.46,488500
2020-04-28,0.45,0.47,0.44,0.45,0.45,155900
2020-04-29,0.47,0.47,0.42,0.43,0.43,160100
2020-04-30,0.43,0.44,0.4,0.42,0.42,41700
2020-05-01,0.42,0.43,0.39,0.42,0.42,43700
2020-05-04,0.42,0.42,0.4,0.41,0.41,22200
2020-05-05,0.41,0.46,0.41,0.41,0.41,39800
2020-05-06,0.42,0.44,0.39,0.41,0.41,43800
2020-05-07,0.41,0.46,0.41,0.44,0.44,111500
2020-05-08,0.61,0.71,0.51,0.69,0.69,1029100
2020-05-11,0.71,0.77,0.65,0.72,0.72,255700
2020-05-12,0.72,0.77,0.7,0.75,0.75,141600
2020-05-13,0.75,0.76,0.7,0.73,0.73,67400
2020-05-14,0.68,0.71,0.53,0.67,0.67,72300
2020-05-15,0.65,0.77,0.65,0.77,0.77,77100
2020-05-18,0.75,0.78,0.75,0.78,0.78,47400
2020-05-19,0.78,0.87,0.78,0.86,0.86,145000
2020-05-20,0.86,0.86,0.84,0.85,0.85,57500
2020-05-21,0.85,0.85,0.85,0.85,0.85,18800
2020-05-22,0.84,0.86,0.84,0.85,0.85,32000
2020-05-26,0.86,0.86,0.84,0.86,0.86,24700
2020-05-27,0.84,0.86,0.83,0.85,0.85,36700
2020-05-28,0.85,0.86,0.84,0.84,0.84,57500
2020-05-29,0.82,0.82,0.67,0.76,0.76,61400
2020-06-01,0.75,0.79,0.74,0.79,0.79,11700
2020-06-02,0.8,0.82,0.75,0.77,0.77,24600
2020-06-03,0.75,0.76,0.73,0.73,0.73,48400
2020-06-04,0.75,0.78,0.73,0.76,0.76,75500
2020-06-05,0.76,0.8,0.75,0.8,0.8,76900
2020-06-08,0.82,0.92,0.8,0.92,0.92,132500
2020-06-09,0.92,1.02,0.92,0.98,0.98,189600
2020-06-10,1.02,1.05,0.95,0.96,0.96,195400
2020-06-11,0.91,0.96,0.91,0.94,0.94,49500
2020-06-12,0.91,0.96,0.91,0.95,0.95,37600
2020-06-15,0.96,0.97,0.94,0.95,0.95,17300
2020-06-16,0.93,1.0,0.92,0.97,0.97,36700
2020-06-17,0.97,1.01,0.97,1.01,1.01,77300
2020-06-18,1.01,1.02,0.92,0.95,0.95,108100
2020-06-19,0.93,0.98,0.79,0.86,0.86,77700
2020-06-22,0.84,0.89,0.83,0.85,0.85,12000
2020-06-23,0.86,0.86,0.82,0.85,0.85,7200
2020-06-24,0.83,0.83,0.75,0.76,0.76,53100
2020-06-25,0.76,0.82,0.76,0.77,0.77,8300
2020-06-26,0.8,0.86,0.73,0.82,0.82,17800
2020-06-29,0.86,0.86,0.74,0.76,0.76,20000
2020-06-30,0.74,0.8,0.74,0.74,0.74,27100
2020-07-01,0.77,0.8,0.74,0.78,0.78,8100
2020-07-02,0.82,0.82,0.71,0.73,0.73,23600
2020-07-06,0.71,0.76,0.71,0.73,0.73,5700
2020-07-07,0.69,0.73,0.65,0.72,0.72,14600
2020-07-08,0.74,0.74,0.64,0.64,0.64,37500
2020-07-09,0.64,0.7,0.64,0.67,0.67,21900
2020-07-10,0.67,0.67,0.64,0.65,0.65,12600
2020-07-13,0.64,0.75,0.63,0.63,0.63,63400
2020-07-14,0.63,0.66,0.63,0.66,0.66,34700
2020-07-15,0.68,0.71,0.68,0.71,0.71,15500
2020-07-16,0.65,0.71,0.65,0.7,0.7,3200
2020-07-17,0.67,0.72,0.65,0.72,0.72,7200
2020-07-20,0.69,0.75,0.69,0.71,0.71,14100
2020-07-21,0.7,0.74,0.7,0.71,0.71,23200
2020-07-22,0.71,0.72,0.67,0.7,0.7,18000
2020-07-23,0.7,0.75,0.7,0.71,0.71,44200
2020-07-24,0.69,0.74,0.68,0.69,0.69,14000
2020-07-27,0.75,0.75,0.65,0.67,0.67,33700
2020-07-28,0.65,0.7,0.65,0.66,0.66,12200
2020-07-29,0.68,0.68,0.66,0.68,0.68,12700
2020-07-30,0.68,0.68,0.6,0.64,0.64,46200
2020-07-31,0.62,0.65,0.59,0.63,0.63,37900
2020-08-03,0.62,0.65,0.62,0.63,0.63,17900
2020-08-04,0.63,0.63,0.59,0.62,0.62,12700
2020-08-05,0.6,0.64,0.58,0.62,0.62,39800
2020-08-06,0.65,0.67,0.61,0.65,0.65,50700
2020-08-07,0.66,0.66,0.52,0.55,0.55,179900
2020-08-10,0.77,0.77,0.57,0.69,0.69,414000
2020-08-11,0.6,0.65,0.59,0.62,0.62,73000
2020-08-12,0.61,0.64,0.61,0.61,0.61,21800
2020-08-13,0.63,0.65,0.55,0.56,0.56,156700
2020-08-14,0.59,0.61,0.54,0.55,0.55,92800
2020-08-17,0.54,0.54,0.52,0.52,0.52,52400
2020-08-18,0.53,0.54,0.47,0.48,0.48,134600
2020-08-19,0.52,0.54,0.49,0.5,0.5,36100
2020-08-20,0.46,0.49,0.46,0.47,0.47,23400
2020-08-21,0.48,0.5,0.47,0.5,0.5,29400
2020-08-24,0.51,0.53,0.42,0.42,0.42,289500
2020-08-25,0.52,0.52,0.43,0.44,0.44,55400
2020-08-26,0.44,0.45,0.4,0.41,0.41,69400
2020-08-27,0.43,0.45,0.4,0.41,0.41,76400
2020-08-28,0.42,0.45,0.39,0.4,0.4,176100
2020-08-31,0.41,0.42,0.38,0.39,0.39,198700
2020-09-01,0.38,0.4,0.38,0.39,0.39,17100
2020-09-02,0.39,0.42,0.35,0.35,0.35,133900
2020-09-03,0.36,0.39,0.36,0.36,0.36,33800
2020-09-04,0.35,0.37,0.32,0.35,0.35,70600
2020-09-08,0.38,0.38,0.36,0.36,0.36,24600
2020-09-09,0.37,0.37,0.35,0.35,0.35,25600
2020-09-10,0.36,0.36,0.34,0.34,0.34,27700
2020-09-11,0.34,0.36,0.33,0.33,0.33,26600
2020-09-14,0.35,0.35,0.33,0.33,0.33,8400
2020-09-15,0.34,0.44,0.33,0.41,0.41,229700
2020-09-16,0.42,0.43,0.36,0.41,0.41,101400
2020-09-17,0.37,0.41,0.37,0.41,0.41,63400
2020-09-18,0.41,0.44,0.38,0.39,0.39,217200
2020-09-21,0.37,0.39,0.36,0.38,0.38,65400
2020-09-22,0.38,0.39,0.35,0.35,0.35,91100
2020-09-23,0.35,0.36,0.33,0.33,0.33,56500
2020-09-24,0.33,0.4,0.33,0.38,0.38,159000
2020-09-25,0.4,0.43,0.36,0.41,0.41,322000
2020-09-28,0.43,0.52,0.41,0.48,0.48,387800
2020-09-29,0.53,0.55,0.41,0.47,0.47,395000
2020-09-30,0.45,0.48,0.38,0.41,0.41,238100
2020-10-01,0.41,0.44,0.39,0.4,0.4,59800
2020-10-02,0.4,0.43,0.39,0.42,0.42,34500
2020-10-05,0.42,0.44,0.39,0.4,0.4,92100
2020-10-06,0.39,0.41,0.33,0.36,0.36,109000
2020-10-07,0.39,0.39,0.36,0.36,0.36,76500
2020-10-08,0.37,0.51,0.36,0.41,0.41,1298600
2020-10-09,0.73,0.92,0.53,0.6,0.6,15228000
2020-10-12,0.55,0.57,0.52,0.54,0.54,829000
2020-10-13,0.51,0.51,0.45,0.47,0.47,400200
2020-10-14,0.49,0.49,0.42,0.46,0.46,214800
2020-10-15,0.44,0.46,0.4,0.43,0.43,136800
2020-10-16,0.43,0.44,0.42,0.42,0.42,70700
2020-10-19,0.4,0.43,0.4,0.42,0.42,194800
2020-10-20,0.41,0.51,0.41,0.45,0.45,414000
2020-10-21,0.46,0.48,0.45,0.45,0.45,78800
2020-10-22,0.45,0.46,0.44,0.45,0.45,94400
2020-10-23,0.47,0.49,0.45,0.47,0.47,269500
2020-10-26,0.46,0.48,0.44,0.47,0.47,121100
2020-10-27,0.47,0.48,0.45,0.45,0.45,110500
2020-10-28,0.45,0.47,0.41,0.43,0.43,106400
2020-10-29,0.42,0.44,0.41,0.43,0.43,323200
2020-10-30,0.56,0.62,0.47,0.49,0.49,5332100
2020-11-02,0.5,0.5,0.43,0.43,0.43,296700
2020-11-03,0.43,0.43,0.42,0.43,0.43,166600
2020-11-04,0.42,0.44,0.41,0.44,0.44,155100
2020-11-05,0.42,0.48,0.42,0.48,0.48,194400
2020-11-06,0.42,0.46,0.41,0.43,0.43,384200
2020-11-09,0.43,0.47,0.43,0.46,0.46,544300
2020-11-10,0.45,0.46,0.44,0.44,0.44,87500
2020-11-11,0.44,0.46,0.43,0.45,0.45,95900
2020-11-12,0.45,0.47,0.45,0.45,0.45,240600
2020-11-13,0.47,0.5,0.44,0.45,0.45,560300
2020-11-16,0.45,0.45,0.43,0.44,0.44,114500
2020-11-17,0.43,0.46,0.43,0.46,0.46,89200
2020-11-18,0.45,0.47,0.44,0.46,0.46,102400
2020-11-19,0.44,0.47,0.43,0.45,0.45,415600
2020-11-20,0.46,0.46,0.43,0.44,0.44,75000
2020-11-23,0.43,0.45,0.43,0.44,0.44,165800
2020-11-24,0.45,0.51,0.44,0.46,0.46,650000
2020-11-25,0.47,0.48,0.44,0.48,0.48,264100
2020-11-27,0.49,0.53,0.47,0.5,0.5,262600
2020-11-30,0.52,0.52,0.46,0.46,0.46,143000
2020-12-01,0.5,0.52,0.48,0.51,0.51,308200
2020-12-02,0.54,0.54,0.48,0.52,0.52,123600
2020-12-03,0.54,0.54,0.5,0.51,0.51,136800
2020-12-04,0.51,0.53,0.5,0.52,0.52,172200
2020-12-07,0.53,0.53,0.49,0.51,0.51,1167300
2020-12-08,0.6,0.61,0.5,0.55,0.55,1202800
2020-12-09,0.52,0.54,0.47,0.48,0.48,579400
2020-12-10,0.51,0.65,0.49,0.58,0.58,1638700
2020-12-11,0.54,0.56,0.51,0.54,0.54,305000
2020-12-14,0.54,0.54,0.5,0.51,0.51,267000
2020-12-15,0.52,0.52,0.48,0.51,0.51,216700
2020-12-16,0.51,0.52,0.49,0.5,0.5,111600
2020-12-17,0.5,0.51,0.49,0.5,0.5,121000
2020-12-18,0.49,0.55,0.49,0.51,0.51,235700
2020-12-21,0.52,0.53,0.49,0.49,0.49,154800
2020-12-22,0.5,0.52,0.49,0.5,0.5,66000
2020-12-23,0.54,0.54,0.5,0.53,0.53,549500
2020-12-24,0.54,0.64,0.52,0.57,0.57,1541000
2020-12-28,0.57,0.6,0.51,0.53,0.53,430100
2020-12-29,0.58,0.58,0.52,0.52,0.52,86400
2020-12-30,0.54,0.57,0.52,0.56,0.56,162800
2020-12-31,0.6,0.65,0.56,0.6,0.6,651500
2021-01-04,0.62,0.62,0.56,0.6,0.6,257400
2021-01-05,0.59,0.73,0.59,0.71,0.71,993500
2021-01-06,0.71,0.72,0.61,0.62,0.62,604600
2021-01-07,0.63,0.7,0.62,0.67,0.67,299000
2021-01-08,0.7,0.7,0.64,0.67,0.67,176200
2021-01-11,0.69,0.73,0.65,0.7,0.7,526000
2021-01-12,0.77,0.77,0.69,0.73,0.73,494200
2021-01-13,0.79,0.82,0.75,0.79,0.79,408600
2021-01-14,0.75,0.78,0.73,0.75,0.75,2895400
2021-01-15,0.8,0.97,0.77,0.8,0.8,4656800
2021-01-19,0.73,0.77,0.7,0.76,0.76,1650600
2021-01-20,0.85,0.85,0.77,0.82,0.82,1293100
2021-01-21,0.8,1.03,0.8,0.94,0.94,3320800
2021-01-22,0.95,0.97,0.9,0.96,0.96,1767800
2021-01-25,1.0,1.08,0.85,0.97,0.97,3142300
2021-01-26,0.98,0.99,0.9,0.92,0.92,1244300
2021-01-27,0.86,0.87,0.77,0.81,0.81,1136800
2021-01-28,0.82,1.15,0.8,1.14,1.14,11020900
2021-01-29,0.99,1.0,0.9,0.91,0.91,2839200
2021-02-01,0.92,0.96,0.87,0.89,0.89,2365000
2021-02-02,0.92,0.92,0.85,0.88,0.88,2220700
2021-02-03,0.88,0.98,0.87,0.95,0.95,2997100
2021-02-04,0.93,0.93,0.88,0.92,0.92,1586100
2021-02-05,0.91,0.95,0.89,0.91,0.91,1210500
2021-02-08,0.91,1.01,0.91,0.96,0.96,2000100
2021-02-09,0.99,1.14,0.97,1.1,1.1,2350800
2021-02-10,1.11,1.2,1.01,1.15,1.15,2366300
2021-02-11,1.2,1.28,1.11,1.16,1.16,1462600
2021-02-12,1.16,1.17,1.12,1.16,1.16,698300
2021-02-16,1.2,1.44,1.17,1.4,1.4,2883000
2021-02-17,1.36,1.36,1.2,1.27,1.27,1230900
2021-02-18,1.26,1.27,1.12,1.14,1.14,971600
2021-02-19,1.1,1.19,1.06,1.15,1.15,730000
2021-02-22,1.09,1.32,1.09,1.25,1.25,3234200
2021-02-23,1.12,1.13,0.93,1.05,1.05,1622400
2021-02-24,1.05,1.24,1.05,1.13,1.13,3170600
2021-02-25,1.06,1.11,1.01,1.04,1.04,937900
2021-02-26,1.0,1.02,0.91,0.95,0.95,1027900
2021-03-01,0.96,1.05,0.95,1.01,1.01,785100
2021-03-02,1.05,1.09,1.0,1.01,1.01,469700
2021-03-03,1.0,1.02,0.94,1.01,1.01,548500
2021-03-04,0.96,1.02,0.88,0.94,0.94,742600
2021-03-05,0.93,0.97,0.89,0.96,0.96,547100
2021-03-08,0.93,1.05,0.93,1.0,1.0,383700
2021-03-09,1.03,1.04,0.96,0.99,0.99,333900
2021-03-10,1.01,1.1,0.97,1.07,1.07,1812000
2021-03-11,1.01,1.07,0.97,1.05,1.05,924800
2021-03-12,1.0,1.05,1.0,1.01,1.01,462100
2021-03-15,1.04,1.07,1.01,1.06,1.06,702200
2021-03-16,1.07,1.07,1.0,1.02,1.02,303300
2021-03-17,0.99,1.03,0.98,1.0,1.0,203800
2021-03-18,1.02,1.04,0.94,0.94,0.94,439200
2021-03-19,0.97,1.0,0.94,0.99,0.99,207100
2021-03-22,0.95,1.01,0.95,0.96,0.96,396100
2021-03-23,0.96,0.99,0.92,0.92,0.92,416800
2021-03-24,0.93,0.95,0.85,0.88,0.88,391800
2021-03-25,0.86,0.88,0.79,0.83,0.83,541600
2021-03-26,0.86,0.87,0.8,0.83,0.83,182700
2021-03-29,0.86,0.95,0.81,0.94,0.94,696400
2021-03-30,0.86,0.88,0.84,0.86,0.86,270700
2021-03-31,0.88,0.89,0.84,0.89,0.89,97100
2021-04-01,0.88,0.95,0.85,0.92,0.92,212800
2021-04-05,0.93,0.93,0.87,0.89,0.89,118800
2021-04-06,0.88,0.91,0.87,0.87,0.87,218300
2021-04-07,0.87,0.89,0.84,0.85,0.85,72400
2021-04-08,0.85,0.87,0.83,0.86,0.86,88400
2021-04-09,0.84,0.9,0.84,0.86,0.86,107000
2021-04-12,0.84,0.88,0.84,0.86,0.86,136700
2021-04-13,0.84,0.87,0.78,0.84,0.84,283800
2021-04-14,0.8,0.87,0.8,0.84,0.84,70800
2021-04-15,0.82,0.86,0.78,0.78,0.78,121500
2021-04-16,0.77,0.79,0.74,0.76,0.76,210900
2021-04-19,0.77,0.8,0.75,0.8,0.8,82900
2021-04-20,0.8,0.8,0.71,0.75,0.75,354100
2021-04-21,0.74,0.8,0.71,0.77,0.77,107600
2021-04-22,0.76,0.77,0.74,0.77,0.77,72800
2021-04-23,0.76,0.82,0.74,0.8,0.8,79400
2021-04-26,0.82,0.83,0.8,0.81,0.81,35000
2021-04-27,0.8,0.87,0.8,0.84,0.84,81400
2021-04-28,0.86,0.9,0.82,0.9,0.9,145800
2021-04-29,0.93,0.93,0.81,0.86,0.86,149800
2021-04-30,0.86,0.86,0.82,0.84,0.84,38200
2021-05-03,0.84,0.84,0.8,0.81,0.81,64100
2021-05-04,0.81,0.87,0.8,0.87,0.87,135100
2021-05-05,0.86,0.88,0.83,0.85,0.85,63600
2021-05-06,0.83,0.85,0.8,0.8,0.8,93300
2021-05-07,0.81,0.84,0.79,0.82,0.82,157600
2021-05-10,0.85,0.85,0.77,0.82,0.82,144700
2021-05-11,0.79,0.81,0.77,0.79,0.79,38300
2021-05-12,0.81,1.22,0.81,0.83,0.83,8360900
2021-05-13,0.8,0.83,0.73,0.74,0.74,851200
2021-05-14,0.73,0.8,0.73,0.76,0.76,439800
2021-05-17,0.78,0.85,0.75,0.78,0.78,1015000
2021-05-18,0.79,0.82,0.78,0.8,0.8,176200
2021-05-19,0.79,0.79,0.77,0.77,0.77,141900
2021-05-20,0.77,0.79,0.73,0.77,0.77,209800
2021-05-21,0.76,0.82,0.76,0.79,0.79,223300
2021-05-24,0.8,0.8,0.78,0.79,0.79,111500
2021-05-25,0.79,0.8,0.77,0.79,0.79,94500
2021-05-26,0.78,0.81,0.75,0.79,0.79,112800
2021-05-27,0.79,0.83,0.76,0.79,0.79,645400
2021-05-28,0.78,0.82,0.78,0.79,0.79,169500
2021-06-01,0.79,0.87,0.79,0.82,0.82,649600
2021-06-02,0.83,0.9,0.81,0.88,0.88,443500
2021-06-03,0.9,0.9,0.86,0.87,0.87,169700
2021-06-04,0.89,0.9,0.86,0.87,0.87,112500
2021-06-07,0.87,0.89,0.86,0.86,0.86,85600
2021-06-08,0.86,0.88,0.85,0.85,0.85,124900
2021-06-09,0.85,0.87,0.83,0.84,0.84,200800
2021-06-10,0.84,0.87,0.83,0.86,0.86,114600
2021-06-11,0.87,0.92,0.86,0.89,0.89,255800
2021-06-14,0.9,0.92,0.89,0.89,0.89,141300
2021-06-15,0.92,0.93,0.85,0.86,0.86,125800
2021-06-16,0.88,1.02,0.86,0.95,0.95,695100
2021-06-17,0.9,0.94,0.82,0.86,0.86,302300
2021-06-18,0.86,0.89,0.86,0.88,0.88,122300
2021-06-21,0.88,0.96,0.85,0.92,0.92,458100
2021-06-22,0.94,0.94,0.87,0.89,0.89,92000
2021-06-23,0.88,0.93,0.88,0.89,0.89,105600
2021-06-24,0.95,0.95,0.88,0.9,0.9,212300
2021-06-25,0.87,0.91,0.87,0.91,0.91,80900
2021-06-28,0.94,0.94,0.89,0.9,0.9,85500
2021-06-29,0.89,0.9,0.86,0.89,0.89,44000
2021-06-30,0.86,0.95,0.85,0.92,0.92,345400
2021-07-01,0.93,1.02,0.91,0.92,0.92,1134000
2021-07-02,0.89,0.91,0.88,0.89,0.89,167200
2021-07-06,0.91,0.92,0.88,0.9,0.9,203400
2021-07-07,0.89,0.9,0.81,0.84,0.84,281800
2021-07-08,0.82,0.87,0.82,0.85,0.85,83500
2021-07-09,0.88,0.88,0.83,0.85,0.85,62400
2021-07-12,0.88,0.9,0.83,0.84,0.84,155100
2021-07-13,0.84,0.89,0.84,0.86,0.86,182500
2021-07-14,0.89,0.99,0.83,0.85,0.85,583800
2021-07-15,0.84,0.86,0.78,0.81,0.81,243700
2021-07-16,0.8,0.81,0.76,0.76,0.76,89200
2021-07-19,0.76,0.77,0.75,0.75,0.75,115300
2021-07-20,0.74,0.77,0.74,0.75,0.75,59500
2021-07-21,0.74,0.77,0.74,0.76,0.76,48800
2021-07-22,0.75,0.78,0.75,0.77,0.77,32600
2021-07-23,0.79,0.79,0.75,0.76,0.76,27200
2021-07-26,0.76,0.76,0.74,0.74,0.74,51100
2021-07-27,0.74,0.74,0.72,0.73,0.73,42200
2021-07-28,0.71,0.74,0.7,0.72,0.72,71300
2021-07-29,0.7,0.72,0.7,0.72,0.72,78300
2021-07-30,0.72,0.72,0.7,0.72,0.72,65700
2021-08-02,0.72,0.78,0.72,0.74,0.74,65900
2021-08-03,0.76,0.79,0.76,0.78,0.78,46200
2021-08-04,0.81,0.81,0.75,0.76,0.76,29800
2021-08-05,0.77,0.78,0.76,0.77,0.77,35100
2021-08-06,0.78,0.78,0.76,0.76,0.76,19000
2021-08-09,0.78,0.78,0.75,0.75,0.75,45300
2021-08-10,0.75,0.77,0.75,0.77,0.77,50500
2021-08-11,0.76,0.8,0.74,0.77,0.77,101000
2021-08-12,0.78,0.82,0.74,0.82,0.82,173200
2021-08-13,0.78,0.84,0.72,0.78,0.78,271400
2021-08-16,0.75,0.76,0.75,0.76,0.76,39000
2021-08-17,0.76,0.76,0.73,0.75,0.75,55200
2021-08-18,0.76,0.76,0.73,0.74,0.74,61300
2021-08-19,0.74,0.74,0.66,0.67,0.67,133900
2021-08-20,0.65,0.69,0.65,0.69,0.69,33800
2021-08-23,0.71,0.74,0.71,0.73,0.73,43000
2021-08-24,0.73,0.74,0.71,0.72,0.72,39800
2021-08-25,0.73,0.74,0.72,0.72,0.72,23900
2021-08-26,0.75,0.75,0.71,0.71,0.71,67400
2021-08-27,0.71,0.73,0.71,0.71,0.71,38800
2021-08-30,0.73,0.78,0.73,0.77,0.77,134900
2021-08-31,0.78,0.79,0.77,0.79,0.79,95900
2021-09-01,0.8,0.8,0.78,0.79,0.79,71800
2021-09-02,0.78,0.8,0.78,0.79,0.79,65200
2021-09-03,0.8,0.85,0.79,0.82,0.82,339300
2021-09-07,0.81,0.81,0.79,0.81,0.81,90600
2021-09-08,0.79,0.83,0.79,0.82,0.82,163200
2021-09-09,0.82,0.83,0.8,0.83,0.83,36800
2021-09-10,0.81,0.9,0.81,0.88,0.88,777400
2021-09-13,0.88,0.9,0.82,0.86,0.86,210400
2021-09-14,0.83,0.86,0.81,0.83,0.83,95200
2021-09-15,0.83,0.84,0.81,0.81,0.81,72900
2021-09-16,0.87,0.87,0.81,0.81,0.81,42300
2021-09-17,0.81,0.83,0.78,0.78,0.78,144500
2021-09-20,0.77,0.77,0.7,0.7,0.7,155400
2021-09-21,0.71,0.74,0.71,0.73,0.73,38400
2021-09-22,0.73,0.77,0.72,0.76,0.76,142100
2021-09-23,0.77,0.78,0.72,0.77,0.77,138500
2021-09-24,0.77,0.79,0.76,0.76,0.76,121600
2021-09-27,0.79,0.92,0.78,0.83,0.83,730100
2021-09-28,0.82,0.98,0.81,0.88,0.88,1390600
2021-09-29,0.89,1.31,0.89,1.09,1.09,9057200
2021-09-30,1.37,1.82,1.13,1.75,1.75,35327100
2021-10-01,1.5,1.62,1.4,1.52,1.52,6877200
2021-10-04,1.59,2.38,1.58,1.88,1.88,74333300
2021-10-05,2.04,2.15,1.32,1.45,1.45,24015800
2021-10-06,1.31,1.5,1.21,1.42,1.42,4968000
2021-10-07,1.34,1.72,1.33,1.54,1.54,6207800
2021-10-08,1.49,1.88,1.42,1.43,1.43,5892000
2021-10-11,1.62,1.62,1.3,1.33,1.33,3274200
2021-10-12,1.33,1.4,1.22,1.36,1.36,1953500
2021-10-13,1.25,1.37,1.23,1.27,1.27,1491100
2021-10-14,1.24,1.37,1.24,1.35,1.35,1387800
2021-10-15,1.25,1.46,1.24,1.36,1.36,2111800
2021-10-18,1.35,1.39,1.24,1.31,1.31,721000
2021-10-19,1.25,1.39,1.25,1.31,1.31,1407300
2021-10-20,1.3,1.35,1.27,1.3,1.3,715400
2021-10-21,1.27,1.3,1.13,1.16,1.16,1194500
2021-10-22,1.19,1.21,1.1,1.13,1.13,750200
2021-10-25,1.12,1.25,1.1,1.19,1.19,857500
2021-10-26,1.16,1.23,1.15,1.15,1.15,504500
2021-10-27,1.14,1.19,1.09,1.1,1.1,545900
2021-10-28,1.11,1.18,1.11,1.17,1.17,447100
2021-10-29,1.16,1.2,1.14,1.18,1.18,339000
2021-11-01,1.18,1.28,1.18,1.24,1.24,506600
2021-11-02,1.23,1.27,1.18,1.2,1.2,341600
2021-11-03,1.17,1.2,1.11,1.17,1.17,358400
2021-11-04,1.17,1.2,1.15,1.18,1.18,172400
2021-11-05,1.17,1.25,1.16,1.22,1.22,337900
2021-11-08,1.21,1.26,1.19,1.24,1.24,367000
2021-11-09,1.22,1.25,1.15,1.21,1.21,243300
2021-11-10,1.2,1.21,1.16,1.18,1.18,159300
2021-11-11,1.17,1.27,1.16,1.22,1.22,561000
2021-11-12,1.3,1.3,1.16,1.22,1.22,710700
2021-11-15,1.23,1.23,1.11,1.14,1.14,274800
2021-11-16,1.11,1.12,1.06,1.06,1.06,378200
2021-11-17,1.07,1.14,1.03,1.05,1.05,243600
2021-11-18,1.04,1.09,0.98,1.01,1.01,252600
2021-11-19,0.97,1.0,0.89,0.9,0.9,505900
2021-11-22,0.97,1.0,0.9,0.97,0.97,189200
2021-11-23,1.0,1.0,0.93,0.97,0.97,362900
2021-11-24,0.94,0.98,0.94,0.96,0.96,153000
2021-11-26,0.96,0.96,0.86,0.89,0.89,125300
2021-11-29,0.9,0.92,0.87,0.88,0.88,76800
2021-11-30,0.88,0.92,0.82,0.85,0.85,161300
2021-12-01,0.86,0.9,0.81,0.81,0.81,120100
2021-12-02,0.8,0.82,0.74,0.75,0.75,214900
2021-12-03,0.74,0.76,0.67,0.67,0.67,270100
2021-12-06,0.67,0.76,0.67,0.76,0.76,112700
2021-12-07,0.78,0.83,0.77,0.81,0.81,149000
2021-12-08,0.83,0.83,0.77,0.8,0.8,87800
2021-12-09,0.78,0.79,0.72,0.73,0.73,130200
2021-12-10,0.75,0.83,0.73,0.82,0.82,474200
2021-12-13,0.85,0.87,0.74,0.74,0.74,142700
2021-12-14,0.73,0.77,0.71,0.74,0.74,174400
2021-12-15,0.71,0.74,0.71,0.71,0.71,174100
2021-12-16,0.73,0.78,0.72,0.73,0.73,92100
2021-12-17,0.72,0.74,0.69,0.69,0.69,325900
2021-12-20,0.66,0.73,0.66,0.71,0.71,95400
2021-12-21,0.71,0.79,0.7,0.72,0.72,84800
2021-12-22,0.77,0.78,0.75,0.76,0.76,75200
2021-12-23,0.78,0.78,0.74,0.75,0.75,37100
2021-12-27,0.73,0.8,0.73,0.79,0.79,211400
2021-12-28,0.8,0.8,0.77,0.77,0.77,42900
2021-12-29,0.76,0.79,0.75,0.76,0.76,66900
2021-12-30,0.75,0.78,0.73,0.74,0.74,186800
2021-12-31,0.73,0.76,0.71,0.73,0.73,246400
2022-01-03,0.71,0.77,0.71,0.74,0.74,42700
2022-01-04,0.75,0.8,0.75,0.78,0.78,178900
2022-01-05,0.76,0.87,0.76,0.79,0.79,714000
2022-01-06,0.79,0.82,0.75,0.77,0.77,123900
2022-01-07,0.8,0.83,0.76,0.83,0.83,106900
2022-01-10,0.89,0.89,0.79,0.81,0.81,91600
2022-01-11,0.83,0.88,0.79,0.83,0.83,107200
2022-01-12,0.8,0.85,0.78,0.85,0.85,123600
2022-01-13,0.83,0.87,0.83,0.83,0.83,74200
2022-01-14,0.83,0.83,0.82,0.82,0.82,47000
2022-01-18,0.81,0.86,0.81,0.85,0.85,147400
2022-01-19,0.85,0.85,0.81,0.82,0.82,137500
2022-01-20,0.82,0.83,0.74,0.78,0.78,190000
2022-01-21,0.78,0.8,0.73,0.73,0.73,114700
2022-01-24,0.7,0.74,0.65,0.66,0.66,326800
2022-01-25,0.67,0.75,0.67,0.75,0.75,153600
2022-01-26,0.73,0.77,0.72,0.75,0.75,83300
2022-01-27,0.74,0.76,0.74,0.74,0.74,69500
2022-01-28,0.74,0.8,0.73,0.79,0.79,153000
2022-01-31,0.77,0.79,0.75,0.78,0.78,50200
2022-02-01,0.78,0.78,0.73,0.76,0.76,109700
2022-02-02,0.74,0.77,0.73,0.77,0.77,84200
2022-02-03,0.74,0.8,0.74,0.76,0.76,77800
2022-02-04,0.77,0.81,0.77,0.8,0.8,169800
2022-02-07,0.8,0.85,0.8,0.84,0.84,119300
2022-02-08,0.84,0.88,0.84,0.85,0.85,82700
2022-02-09,0.85,0.87,0.84,0.86,0.86,317300
2022-02-10,0.84,0.89,0.84,0.87,0.87,139700
2022-02-11,0.88,0.88,0.81,0.84,0.84,123000
2022-02-14,0.82,0.87,0.8,0.85,0.85,77500
2022-02-15,0.86,0.88,0.85,0.86,0.86,32100
2022-02-16,0.86,0.94,0.84,0.9,0.9,154100
2022-02-17,0.91,0.93,0.88,0.9,0.9,57400
2022-02-18,0.87,0.92,0.84,0.84,0.84,36300
2022-02-22,0.84,0.89,0.83,0.85,0.85,32800
2022-02-23,0.84,1.09,0.84,0.98,0.98,1399700
2022-02-24,1.02,1.18,0.91,1.03,1.03,1850400
2022-02-25,1.02,1.04,0.93,0.97,0.97,421700
2022-02-28,0.98,1.07,0.98,1.07,1.07,305200
2022-03-01,1.07,1.1,1.03,1.03,1.03,195000
2022-03-02,1.08,1.21,1.03,1.17,1.17,568100
2022-03-03,1.25,1.25,1.1,1.13,1.13,1150400
2022-03-04,1.11,1.27,1.05,1.21,1.21,926700
2022-03-07,1.35,1.49,1.25,1.38,1.38,4771100
2022-03-08,1.64,1.84,1.31,1.6,1.6,11122600
2022-03-09,1.54,1.55,1.1,1.3,1.3,2437700
2022-03-10,1.4,1.52,1.23,1.4,1.4,1790300
2022-03-11,1.54,1.56,1.14,1.15,1.15,2546800
2022-03-14,1.13,1.17,0.96,0.98,0.98,1576400
2022-03-15,0.92,0.96,0.9,0.93,0.93,978200
2022-03-16,0.93,0.96,0.88,0.9,0.9,510700
2022-03-17,0.93,1.1,0.93,1.06,1.06,876000
2022-03-18,1.07,1.08,1.0,1.04,1.04,541800
2022-03-21,1.06,1.15,1.05,1.08,1.08,619500
2022-03-22,1.09,1.14,1.06,1.1,1.1,594300
2022-03-23,1.13,1.22,1.06,1.22,1.22,863900
2022-03-24,1.14,1.2,1.09,1.11,1.11,631300
2022-03-25,1.05,1.15,1.05,1.1,1.1,422500
2022-03-28,1.08,1.1,1.02,1.09,1.09,405000
2022-03-29,1.04,1.09,1.02,1.06,1.06,252100
2022-03-30,1.06,1.1,1.03,1.07,1.07,546700
2022-03-31,1.04,1.08,1.03,1.06,1.06,160500
2022-04-01,1.06,1.1,1.03,1.06,1.06,376800
2022-04-04,1.04,1.05,1.0,1.03,1.03,387400
2022-04-05,1.05,1.07,1.01,1.03,1.03,232700
2022-04-06,1.03,1.03,0.97,0.98,0.98,209300
2022-04-07,0.99,1.02,0.98,0.98,0.98,119800
2022-04-08,0.98,1.0,0.96,0.99,0.99,185900
2022-04-11,1.0,1.0,0.94,0.95,0.95,95500
2022-04-12,0.97,0.98,0.94,0.96,0.96,209100
2022-04-13,0.98,0.98,0.96,0.97,0.97,133400
2022-04-14,0.97,1.09,0.97,1.04,1.04,572900
2022-04-18,1.09,1.1,1.03,1.06,1.06,374100
2022-04-19,1.04,1.07,1.01,1.01,1.01,128900
2022-04-20,1.01,1.11,1.01,1.08,1.08,388500
2022-04-21,1.12,1.13,1.01,1.04,1.04,383200
2022-04-22,1.05,1.06,1.01,1.01,1.01,80300
2022-04-25,1.01,1.02,0.95,0.96,0.96,99700
2022-04-26,0.97,1.02,0.96,0.98,0.98,123600
2022-04-27,1.01,1.03,0.98,1.0,1.0,123700
2022-04-28,0.99,1.03,0.95,0.95,0.95,186000
2022-04-29,0.96,0.99,0.96,0.99,0.99,70100
2022-05-02,0.95,1.02,0.95,1.0,1.0,103400
2022-05-03,1.02,1.06,1.0,1.03,1.03,170900
2022-05-04,1.06,1.1,1.03,1.09,1.09,372000
2022-05-05,1.08,1.13,1.02,1.06,1.06,206800
2022-05-06,1.06,1.07,1.05,1.07,1.07,154800
2022-05-09,1.08,1.1,0.99,1.01,1.01,328400
2022-05-10,1.1,1.1,1.01,1.01,1.01,104300
2022-05-11,1.05,1.06,1.0,1.01,1.01,202100
2022-05-12,0.99,1.0,0.95,0.96,0.96,241100
2022-05-13,1.0,1.05,0.85,0.95,0.95,549100
2022-05-16,0.99,1.05,0.95,1.04,1.04,465900
2022-05-17,1.01,1.07,1.01,1.04,1.04,160800
2022-05-18,1.02,1.04,0.95,0.95,0.95,153100
2022-05-19,0.98,1.01,0.98,0.98,0.98,71200
2022-05-20,0.98,1.0,0.98,0.98,0.98,72300
2022-05-23,0.98,1.02,0.98,1.01,1.01,115900
2022-05-24,0.99,1.01,0.99,0.99,0.99,53000
2022-05-25,1.0,1.0,0.99,1.0,1.0,96100
2022-05-26,1.0,1.05,1.0,1.02,1.02,133800
2022-05-27,1.04,1.05,1.01,1.05,1.05,150900
2022-05-31,1.05,1.12,1.03,1.05,1.05,544600
2022-06-01,1.05,1.1,1.03,1.08,1.08,218500
2022-06-02,1.09,1.2,1.08,1.16,1.16,550800
2022-06-03,1.18,1.31,1.14,1.31,1.31,722800
2022-06-06,1.31,1.31,1.15,1.22,1.22,354700
2022-06-07,1.21,1.32,1.19,1.3,1.3,382900
2022-06-08,1.34,1.34,1.2,1.24,1.24,589100
2022-06-09,1.27,1.29,1.17,1.27,1.27,226000
2022-06-10,1.26,1.29,1.23,1.25,1.25,144300
2022-06-13,1.19,1.19,1.07,1.08,1.08,419900
2022-06-14,1.1,1.15,1.07,1.08,1.08,169500
2022-06-15,1.08,1.1,1.04,1.07,1.07,151100
2022-06-16,1.03,1.03,0.95,1.0,1.0,194900
2022-06-17,1.0,1.02,0.92,0.98,0.98,160100
2022-06-21,0.99,1.0,0.99,1.0,1.0,82800
2022-06-22,0.98,0.99,0.95,0.96,0.96,200400
2022-06-23,0.96,1.0,0.95,0.96,0.96,86900
2022-06-24,0.96,0.98,0.95,0.97,0.97,144800
2022-06-27,0.97,1.04,0.97,1.03,1.03,85200
2022-06-28,1.04,1.05,1.0,1.0,1.0,43300
2022-06-29,1.01,1.06,1.0,1.02,1.02,341300
2022-06-30,1.03,1.03,0.95,0.99,0.99,141000
2022-07-01,1.0,1.0,0.95,0.96,0.96,54100
2022-07-05,0.96,0.97,0.88,0.92,0.92,176000
2022-07-06,0.92,0.92,0.86,0.86,0.86,44700
2022-07-07,0.87,0.92,0.86,0.9,0.9,42800
2022-07-08,0.92,0.92,0.86,0.89,0.89,65900
2022-07-11,0.88,0.91,0.88,0.88,0.88,37700
2022-07-12,0.88,0.9,0.81,0.84,0.84,89500
2022-07-13,0.87,0.87,0.85,0.86,0.86,9400
2022-07-14,0.87,0.89,0.85,0.89,0.89,17600
2022-07-15,0.89,0.9,0.86,0.86,0.86,37900
2022-07-18,0.9,0.92,0.88,0.88,0.88,53100
2022-07-19,0.9,0.9,0.88,0.89,0.89,41500
2022-07-20,0.88,0.92,0.88,0.9,0.9,27800
2022-07-21,0.9,0.91,0.84,0.87,0.87,69100
2022-07-22,0.85,0.92,0.85,0.86,0.86,75500
2022-07-25,0.88,0.91,0.87,0.89,0.89,16500
2022-07-26,0.91,0.91,0.86,0.86,0.86,40300
2022-07-27,0.85,0.86,0.82,0.84,0.84,137700
2022-07-28,0.88,0.88,0.81,0.85,0.85,45300
2022-07-29,0.85,0.9,0.85,0.88,0.88,89000
2022-08-01,0.88,0.91,0.88,0.89,0.89,65500
2022-08-02,0.88,0.94,0.88,0.94,0.94,51700
2022-08-03,0.92,0.94,0.9,0.93,0.93,55800
2022-08-04,0.9,0.93,0.9,0.93,0.93,26400
2022-08-05,0.9,0.93,0.9,0.93,0.93,57900
2022-08-08,0.92,0.95,0.9,0.91,0.91,24000
2022-08-09,0.91,0.95,0.9,0.93,0.93,67300
2022-08-10,0.94,0.96,0.93,0.94,0.94,46300
2022-08-11,0.96,1.03,0.93,1.03,1.03,173000
2022-08-12,1.09,1.1,0.9,0.94,0.94,210000
2022-08-15,0.91,0.95,0.9,0.9,0.9,109500
2022-08-16,0.91,0.94,0.88,0.89,0.89,73200
2022-08-17,0.92,0.92,0.88,0.89,0.89,23300
2022-08-18,0.88,0.95,0.88,0.9,0.9,226700
2022-08-19,0.9,0.92,0.85,0.85,0.85,114500
2022-08-22,0.85,0.92,0.85,0.89,0.89,60900
2022-08-23,0.91,0.94,0.89,0.92,0.92,142600
2022-08-24,0.92,0.93,0.87,0.9,0.9,62700
2022-08-25,0.93,0.93,0.89,0.9,0.9,23200
2022-08-26,0.92,0.93,0.88,0.9,0.9,91100
2022-08-29,0.88,0.93,0.88,0.91,0.91,27400
2022-08-30,0.91,0.94,0.88,0.9,0.9,133600
2022-08-31,0.9,0.93,0.9,0.91,0.91,32600
2022-09-01,0.89,0.9,0.86,0.88,0.88,92800
2022-09-02,0.9,0.9,0.9,0.9,0.9,30300
2022-09-06,0.91,0.91,0.88,0.88,0.88,31600
2022-09-07,0.87,0.89,0.83,0.85,0.85,56200
2022-09-08,0.84,0.85,0.81,0.83,0.83,88100
2022-09-09,0.87,0.88,0.82,0.82,0.82,62200
2022-09-12,0.8,0.84,0.8,0.82,0.82,124800
2022-09-13,0.82,0.85,0.82,0.83,0.83,24000
2022-09-14,0.86,0.86,0.79,0.81,0.81,148200
2022-09-15,0.81,0.82,0.74,0.76,0.76,165200
2022-09-16,0.74,0.76,0.72,0.75,0.75,76000
2022-09-19,0.72,0.74,0.71,0.74,0.74,110300
2022-09-20,0.71,0.75,0.71,0.75,0.75,29400
2022-09-21,0.76,0.76,0.7,0.74,0.74,41000
2022-09-22,0.71,0.73,0.7,0.72,0.72,30000
2022-09-23,0.7,0.7,0.62,0.64,0.64,115200
2022-09-26,0.64,0.68,0.63,0.64,0.64,77700
2022-09-27,0.65,0.67,0.64,0.65,0.65,33200
2022-09-28,0.66,0.68,0.64,0.67,0.67,29900
2022-09-29,0.7,0.7,0.66,0.69,0.69,31700
2022-09-30,0.67,0.7,0.67,0.67,0.67,24700
2022-10-03,0.67,0.7,0.65,0.7,0.7,16800
2022-10-04,0.7,0.75,0.67,0.72,0.72,52200
2022-10-05,0.71,0.8,0.71,0.79,0.79,115500
2022-10-06,0.77,0.8,0.76,0.79,0.79,68600
2022-10-07,0.76,0.81,0.74,0.75,0.75,113700
2022-10-10,0.74,0.78,0.66,0.72,0.72,86400
2022-10-11,0.68,0.74,0.68,0.72,0.72,9700
2022-10-12,0.72,0.74,0.68,0.68,0.68,17400
2022-10-13,0.66,0.7,0.65,0.7,0.7,97300
2022-10-14,0.7,0.7,0.67,0.67,0.67,49400
2022-10-17,0.7,0.7,0.66,0.69,0.69,51300
2022-10-18,0.68,0.7,0.67,0.67,0.67,30000
2022-10-19,0.68,0.69,0.66,0.68,0.68,18900
2022-10-20,0.66,0.7,0.66,0.68,0.68,60300
2022-10-21,0.68,0.76,0.67,0.72,0.72,41000
2022-10-24,0.7,0.74,0.67,0.71,0.71,49500
2022-10-25,0.7,0.74,0.68,0.69,0.69,34500
2022-10-26,0.69,0.74,0.69,0.71,0.71,50200
2022-10-27,0.71,0.76,0.71,0.72,0.72,62500
2022-10-28,0.74,0.76,0.69,0.74,0.74,51300
2022-10-31,0.75,0.77,0.71,0.72,0.72,32500
2022-11-01,0.78,0.78,0.72,0.77,0.77,27400
2022-11-02,0.78,0.78,0.74,0.78,0.78,20700
2022-11-03,0.74,0.78,0.74,0.78,0.78,17100
2022-11-04,0.79,0.8,0.75,0.8,0.8,49000
2022-11-07,0.8,0.82,0.76,0.78,0.78,74900
2022-11-08,0.8,0.81,0.78,0.78,0.78,26000
2022-11-09,0.79,0.79,0.75,0.76,0.76,25200
2022-11-10,0.76,0.78,0.75,0.78,0.78,61000
2022-11-11,0.82,0.88,0.79,0.88,0.88,220000
2022-11-14,0.87,0.88,0.83,0.84,0.84,34700
2022-11-15,0.86,0.87,0.83,0.84,0.84,22800
2022-11-16,0.84,0.87,0.84,0.87,0.87,61800
2022-11-17,0.86,0.87,0.85,0.87,0.87,42700
2022-11-18,0.86,0.88,0.85,0.87,0.87,39800
2022-11-21,0.85,0.85,0.79,0.79,0.79,42200
2022-11-22,0.82,0.83,0.75,0.81,0.81,81900
2022-11-23,0.82,0.83,0.8,0.8,0.8,12300
2022-11-25,0.8,0.82,0.78,0.8,0.8,12100
2022-11-28,0.79,0.81,0.76,0.81,0.81,52500
2022-11-29,0.83,0.83,0.8,0.81,0.81,20300
2022-11-30,0.81,0.83,0.81,0.82,0.82,35700
2022-12-01,0.85,0.85,0.83,0.83,0.83,41100
2022-12-02,0.85,0.85,0.82,0.83,0.83,100900
2022-12-05,0.85,0.85,0.82,0.82,0.82,27500
2022-12-06,0.83,0.83,0.8,0.8,0.8,47000
2022-12-07,0.82,0.82,0.72,0.78,0.78,76600
2022-12-08,0.8,0.81,0.8,0.8,0.8,71100
2022-12-09,0.8,0.82,0.8,0.8,0.8,38200
2022-12-12,0.78,0.83,0.78,0.8,0.8,35700
2022-12-13,0.8,0.87,0.8,0.87,0.87,64700
2022-12-14,0.86,0.88,0.84,0.84,0.84,12800
2022-12-15,0.84,0.85,0.78,0.81,0.81,21900
2022-12-16,0.82,0.85,0.8,0.8,0.8,43800
2022-12-19,0.8,0.87,0.8,0.8,0.8,62900
2022-12-20,0.82,0.82,0.8,0.81,0.81,33300
2022-12-21,0.84,0.88,0.84,0.84,0.84,99200
2022-12-22,0.83,0.87,0.82,0.86,0.86,33500
2022-12-23,0.86,0.86,0.82,0.85,0.85,13000
2022-12-27,0.84,0.87,0.84,0.87,0.87,43400
2022-12-28,0.86,0.86,0.83,0.86,0.86,29900
2022-12-29,0.86,0.87,0.83,0.87,0.87,17200
2022-12-30,0.87,0.93,0.85,0.92,0.92,121100
2023-01-03,0.95,0.95,0.91,0.93,0.93,152400
2023-01-04,0.94,0.94,0.9,0.93,0.93,58800
2023-01-05,0.95,1.01,0.94,0.99,0.99,219000
2023-01-06,1.01,1.13,1.0,1.1,1.1,322100
2023-01-09,1.07,1.08,1.03,1.06,1.06,177100
2023-01-10,1.06,1.06,1.02,1.03,1.03,67900
2023-01-11,1.05,1.06,1.03,1.03,1.03,68100
2023-01-12,1.03,1.1,1.0,1.1,1.1,206900
2023-01-13,1.1,1.1,1.01,1.05,1.05,98700
2023-01-17,1.08,1.08,0.98,1.04,1.04,134700
2023-01-18,1.03,1.05,1.01,1.03,1.03,31100
2023-01-19,1.02,1.07,1.01,1.07,1.07,79200
2023-01-20,1.05,1.1,1.05,1.08,1.08,104000
2023-01-23,1.07,1.1,1.06,1.08,1.08,108000
2023-01-24,1.06,1.09,1.06,1.08,1.08,37300
2023-01-25,1.05,1.13,1.04,1.08,1.08,118500
2023-01-26,1.08,1.11,1.08,1.09,1.09,31800
2023-01-27,1.11,1.11,1.07,1.08,1.08,63800
2023-01-30,1.07,1.08,1.01,1.03,1.03,79900
2023-01-31,1.03,1.11,1.01,1.08,1.08,93200
2023-02-01,1.1,1.1,1.0,1.04,1.04,115900
2023-02-02,1.06,1.06,1.0,1.01,1.01,95100
2023-02-03,1.03,1.04,1.0,1.0,1.0,37000
2023-02-06,1.0,1.03,0.98,0.99,0.99,57600
2023-02-07,1.02,1.03,0.92,0.96,0.96,133900
2023-02-08,1.0,1.02,0.95,0.98,0.98,47000
2023-02-09,0.98,1.0,0.92,0.94,0.94,83700
2023-02-10,0.95,0.97,0.93,0.94,0.94,34700
2023-02-13,0.94,0.96,0.94,0.96,0.96,45300
2023-02-14,0.96,0.98,0.94,0.94,0.94,35800
2023-02-15,0.96,0.99,0.93,0.99,0.99,66600
2023-02-16,0.97,0.99,0.97,0.98,0.98,41600
2023-02-17,0.97,0.99,0.94,0.98,0.98,160300
2023-02-21,1.0,1.0,0.95,0.96,0.96,121100
2023-02-22,0.98,0.99,0.96,0.97,0.97,45000
2023-02-23,0.98,1.02,0.98,0.98,0.98,130300
2023-02-24,0.99,1.03,0.99,1.0,1.0,58200
2023-02-27,1.0,1.07,0.98,1.05,1.05,97500
2023-02-28,1.06,1.15,1.05,1.14,1.14,272000
2023-03-01,1.15,1.17,1.11,1.15,1.15,82200
2023-03-02,1.15,1.18,1.14,1.14,1.14,44000
2023-03-03,1.13,1.13,1.01,1.07,1.07,111500
2023-03-06,1.05,1.12,1.03,1.11,1.11,68000
2023-03-07,1.09,1.17,1.09,1.17,1.17,94100
2023-03-08,1.18,1.18,1.13,1.15,1.15,107100
2023-03-09,1.13,1.16,1.11,1.12,1.12,119100
2023-03-10,1.15,1.15,0.99,1.02,1.02,259100
2023-03-13,0.99,1.0,0.94,0.95,0.95,105200
2023-03-14,0.98,1.0,0.9,0.9,0.9,125800
2023-03-15,0.86,0.9,0.84,0.87,0.87,112200
2023-03-16,0.86,0.96,0.86,0.9,0.9,67400
2023-03-17,0.87,0.93,0.87,0.87,0.87,31400
2023-03-20,0.87,0.94,0.87,0.9,0.9,25200
2023-03-21,0.89,0.9,0.85,0.89,0.89,32200
2023-03-22,0.89,0.92,0.88,0.91,0.91,14200
2023-03-23,0.89,0.93,0.85,0.86,0.86,74800
2023-03-24,0.85,0.88,0.81,0.86,0.86,75500
2023-03-27,0.89,0.9,0.84,0.89,0.89,22200
2023-03-28,0.87,0.96,0.87,0.91,0.91,76300
2023-03-29,0.92,0.95,0.9,0.91,0.91,24300
2023-03-30,0.89,0.9,0.87,0.88,0.88,71600
2023-03-31,0.9,0.93,0.89,0.89,0.89,12400
2023-04-03,0.91,1.03,0.91,1.0,1.0,297500
2023-04-04,1.03,1.03,0.98,1.01,1.01,72300
2023-04-05,1.01,1.01,0.95,1.0,1.0,78100
2023-04-06,0.97,1.01,0.96,0.97,0.97,33400
2023-04-10,0.97,1.02,0.94,0.95,0.95,46000
2023-04-11,0.94,1.0,0.93,0.98,0.98,15200
2023-04-12,0.98,1.0,0.94,0.94,0.94,13200
2023-04-13,0.94,1.01,0.94,0.99,0.99,83900
2023-04-14,0.99,1.01,0.95,1.0,1.0,40100
2023-04-17,1.01,1.02,0.96,1.0,1.0,57300
2023-04-18,1.01,1.03,1.0,1.02,1.02,9400
2023-04-19,1.0,1.02,0.99,1.0,1.0,45900
2023-04-20,1.01,1.02,0.98,0.99,0.99,12300
2023-04-21,1.01,1.02,0.97,0.99,0.99,12500
2023-04-24,0.98,1.02,0.98,1.01,1.01,24400
2023-04-25,0.99,1.02,0.98,1.0,1.0,14900
2023-04-26,0.99,1.02,0.98,1.0,1.0,23300
2023-04-27,1.01,1.01,1.0,1.01,1.01,23200
2023-04-28,0.96,1.02,0.96,1.0,1.0,30100
2023-05-01,0.95,1.01,0.95,0.98,0.98,70400
2023-05-02,0.99,0.99,0.91,0.95,0.95,89700
2023-05-03,0.98,0.98,0.92,0.94,0.94,21000
2023-05-04,0.95,0.98,0.95,0.95,0.95,23100
2023-05-05,0.95,0.98,0.95,0.95,0.95,10700
2023-05-08,0.97,0.98,0.95,0.96,0.96,21500
2023-05-09,0.96,0.98,0.95,0.97,0.97,7900
2023-05-10,0.94,0.98,0.94,0.96,0.96,33300
2023-05-11,1.0,1.0,0.98,0.98,0.98,150200
2023-05-12,0.98,0.98,0.96,0.98,0.98,26200
2023-05-15,0.98,0.98,0.97,0.98,0.98,121600
2023-05-16,0.96,0.99,0.96,0.98,0.98,23600
2023-05-17,0.97,0.99,0.95,0.99,0.99,14000
2023-05-18,0.99,0.99,0.96,0.98,0.98,34700
2023-05-19,0.97,1.0,0.97,0.98,0.98,17900
2023-05-22,1.04,1.05,1.01,1.04,1.04,152100
2023-05-23,1.06,1.11,1.01,1.11,1.11,114800
2023-05-24,1.12,1.18,1.11,1.18,1.18,111400
2023-05-25,1.18,1.2,1.11,1.11,1.11,130900
2023-05-26,1.17,1.18,1.12,1.15,1.15,53100
2023-05-30,1.17,1.17,1.06,1.1,1.1,65000
2023-05-31,1.1,1.12,1.02,1.02,1.02,53100
2023-06-01,1.02,1.07,1.02,1.05,1.05,36200
2023-06-02,1.07,1.14,1.05,1.1,1.1,65000
2023-06-05,1.06,1.14,1.06,1.14,1.14,72600
2023-06-06,1.14,1.14,1.09,1.14,1.14,56200
2023-06-07,1.12,1.21,1.1,1.18,1.18,216000
2023-06-08,1.21,1.22,1.17,1.2,1.2,98600
2023-06-09,1.21,1.22,1.17,1.17,1.17,41400
2023-06-12,1.17,1.2,1.13,1.15,1.15,45300
2023-06-13,1.15,1.18,1.1,1.11,1.11,100800
2023-06-14,1.15,1.17,1.12,1.16,1.16,55900
2023-06-15,1.14,1.24,1.14,1.21,1.21,162800
2023-06-16,1.22,1.22,1.16,1.18,1.18,58100
2023-06-20,1.21,1.22,1.15,1.18,1.18,78200
2023-06-21,1.15,1.21,1.15,1.17,1.17,27300
2023-06-22,1.19,1.19,1.14,1.16,1.16,56500
2023-06-23,1.16,1.16,1.12,1.12,1.12,123300
2023-06-26,1.17,1.29,1.16,1.27,1.27,242600
2023-06-27,1.22,1.27,1.2,1.21,1.21,79800
2023-06-28,1.21,1.22,1.2,1.2,1.2,45300
2023-06-29,1.19,1.24,1.19,1.21,1.21,16200
2023-06-30,1.21,1.24,1.21,1.23,1.23,18600
2023-07-03,1.21,1.24,1.21,1.21,1.21,89000
2023-07-05,1.23,1.24,1.21,1.21,1.21,30800
2023-07-06,1.21,1.24,1.21,1.21,1.21,15500
2023-07-07,1.21,1.3,1.21,1.28,1.28,227700
2023-07-10,1.31,1.45,1.29,1.38,1.38,526100
2023-07-11,1.43,1.43,1.36,1.38,1.38,133800
2023-07-12,1.36,1.42,1.29,1.35,1.35,162700
2023-07-13,1.35,1.4,1.33,1.38,1.38,134300
2023-07-14,1.39,1.4,1.3,1.3,1.3,70000
2023-07-17,1.39,1.4,1.35,1.37,1.37,176900
2023-07-18,1.35,1.43,1.35,1.43,1.43,97100
2023-07-19,1.43,1.49,1.41,1.45,1.45,180700
2023-07-20,1.48,1.57,1.47,1.53,1.53,313200
2023-07-21,1.58,1.92,1.56,1.8,1.8,1313400
2023-07-24,1.91,2.21,1.15,1.36,1.36,3076500
2023-07-25,1.4,1.48,1.25,1.31,1.31,581200
2023-07-26,1.27,1.37,1.24,1.3,1.3,253100
2023-07-27,1.33,1.37,1.3,1.33,1.33,162400
2023-07-28,1.33,1.44,1.3,1.33,1.33,367300
2023-07-31,1.43,1.44,1.34,1.4,1.4,281000
2023-08-01,1.39,1.39,1.31,1.38,1.38,142600
2023-08-02,1.35,1.38,1.3,1.3,1.3,131600
2023-08-03,1.3,1.34,1.27,1.29,1.29,134900
2023-08-04,1.26,1.31,1.24,1.25,1.25,112800
2023-08-07,1.24,1.39,1.24,1.35,1.35,434300
2023-08-08,1.36,1.37,1.3,1.34,1.34,101900
2023-08-09,1.35,1.47,1.25,1.27,1.27,315000
2023-08-10,1.27,1.38,1.27,1.35,1.35,107200
2023-08-11,1.34,1.35,1.29,1.33,1.33,100500
2023-08-14,1.14,1.16,1.06,1.1,1.1,484000
2023-08-15,1.12,1.12,0.97,0.97,0.97,415800
2023-08-16,0.95,0.97,0.8,0.83,0.83,439300
2023-08-17,0.85,0.9,0.84,0.88,0.88,130900
2023-08-18,0.93,1.03,0.92,1.01,1.01,230400
2023-08-21,1.02,1.04,0.97,1.02,1.02,79200
2023-08-22,1.02,1.02,0.97,1.0,1.0,42800
2023-08-23,1.0,1.01,0.9,0.9,0.9,113700
2023-08-24,0.94,0.95,0.81,0.86,0.86,154600
2023-08-25,0.85,0.87,0.78,0.8,0.8,216700
2023-08-28,0.8,0.87,0.8,0.83,0.83,108800
2023-08-29,0.84,0.93,0.82,0.91,0.91,56400
2023-08-30,0.9,0.97,0.9,0.96,0.96,29400
2023-08-31,0.98,0.98,0.87,0.87,0.87,59100
2023-09-01,0.9,0.96,0.87,0.93,0.93,60400
2023-09-05,0.95,0.96,0.9,0.93,0.93,53700
2023-09-06,0.94,0.96,0.9,0.91,0.91,28900
2023-09-07,0.88,0.91,0.82,0.83,0.83,70100
2023-09-08,0.84,0.87,0.82,0.85,0.85,27300
2023-09-11,0.82,0.85,0.82,0.82,0.82,41500
2023-09-12,0.82,0.85,0.81,0.82,0.82,120200
2023-09-13,0.81,0.81,0.77,0.78,0.78,185100
2023-09-14,0.77,0.81,0.77,0.77,0.77,153000
2023-09-15,0.77,0.81,0.77,0.78,0.78,36400
2023-09-18,0.8,0.8,0.78,0.78,0.78,74900
2023-09-19,0.78,0.8,0.77,0.77,0.77,26400
2023-09-20,0.8,0.8,0.77,0.79,0.79,69900
2023-09-21,0.78,0.79,0.76,0.79,0.79,59900
2023-09-22,0.78,0.81,0.78,0.81,0.81,48800
2023-09-25,0.81,0.81,0.79,0.8,0.8,42700
2023-09-26,0.79,0.82,0.79,0.8,0.8,7600
2023-09-27,0.8,0.85,0.79,0.84,0.84,127500
2023-09-28,0.85,0.87,0.79,0.81,0.81,72300
2023-09-29,0.81,0.82,0.78,0.8,0.8,86100
2023-10-02,0.81,0.83,0.78,0.81,0.81,16200
2023-10-03,0.79,0.81,0.77,0.78,0.78,22200
2023-10-04,0.77,0.79,0.75,0.75,0.75,50800
2023-10-05,0.77,0.81,0.74,0.74,0.74,69800
2023-10-06,0.74,0.79,0.73,0.73,0.73,27300
2023-10-09,0.73,0.79,0.73,0.75,0.75,57000
2023-10-10,0.76,0.8,0.76,0.79,0.79,64000
2023-10-11,0.8,0.8,0.77,0.78,0.78,26100
2023-10-12,0.78,0.8,0.77,0.77,0.77,21200
2023-10-13,0.78,0.79,0.77,0.78,0.78,40900
2023-10-16,0.79,0.8,0.77,0.77,0.77,43500
2023-10-17,0.77,0.8,0.74,0.78,0.78,38300
2023-10-18,0.77,0.84,0.77,0.83,0.83,151100
2023-10-19,0.83,0.83,0.79,0.83,0.83,50000
2023-10-20,0.83,0.86,0.81,0.83,0.83,145600
2023-10-23,0.82,0.83,0.78,0.79,0.79,65500
2023-10-24,0.78,0.83,0.78,0.79,0.79,61400
2023-10-25,0.8,0.81,0.78,0.8,0.8,63800
2023-10-26,0.81,0.82,0.77,0.79,0.79,38200
2023-10-27,0.8,0.8,0.78,0.79,0.79,35600
2023-10-30,0.78,0.81,0.75,0.77,0.77,151200
2023-10-31,0.77,0.79,0.77,0.77,0.77,51800
2023-11-01,0.77,0.79,0.77,0.79,0.79,17800
2023-11-02,0.79,0.79,0.77,0.78,0.78,32800
2023-11-03,0.79,0.8,0.78,0.79,0.79,84700
2023-11-06,0.81,0.81,0.78,0.78,0.78,39000
2023-11-07,0.79,0.79,0.74,0.76,0.76,105600
2023-11-08,0.77,0.77,0.73,0.76,0.76,61400
2023-11-09,0.72,0.72,0.58,0.65,0.65,276900
2023-11-10,0.63,0.7,0.6,0.65,0.65,123500
2023-11-13,0.65,0.65,0.61,0.62,0.62,116300
2023-11-14,0.61,0.68,0.61,0.65,0.65,60200
2023-11-15,0.67,0.72,0.65,0.69,0.69,99400
2023-11-16,0.69,0.73,0.69,0.72,0.72,88500
2023-11-17,0.68,0.74,0.68,0.69,0.69,48000
2023-11-20,0.66,0.72,0.66,0.68,0.68,29800
2023-11-21,0.7,0.72,0.7,0.71,0.71,21100
2023-11-22,0.73,0.73,0.67,0.67,0.67,59000
2023-11-24,0.67,0.71,0.67,0.69,0.69,27800
2023-11-27,0.69,0.69,0.67,0.67,0.67,24100
2023-11-28,0.64,0.71,0.64,0.68,0.68,79500
2023-11-29,0.71,0.71,0.68,0.68,0.68,10100
2023-11-30,0.7,0.72,0.69,0.72,0.72,11300
2023-12-01,0.72,0.73,0.69,0.73,0.73,21600
2023-12-04,0.73,0.74,0.7,0.7,0.7,37500
2023-12-05,0.7,0.7,0.69,0.69,0.69,16600
2023-12-06,0.7,0.7,0.67,0.69,0.69,35000
2023-12-07,0.69,0.69,0.68,0.68,0.68,36500
2023-12-08,0.68,0.7,0.68,0.69,0.69,35600
2023-12-11,0.69,0.73,0.69,0.7,0.7,13700
2023-12-12,0.71,0.72,0.69,0.69,0.69,44600
2023-12-13,0.71,0.72,0.68,0.7,0.7,73400
2023-12-14,0.69,0.73,0.69,0.72,0.72,32700
2023-12-15,0.73,0.74,0.69,0.69,0.69,41900
2023-12-18,0.7,0.73,0.69,0.7,0.7,39000
2023-12-19,0.71,0.73,0.68,0.72,0.72,48600
2023-12-20,0.71,0.78,0.71,0.76,0.76,161000
2023-12-21,0.79,0.8,0.76,0.78,0.78,36200
2023-12-22,0.77,0.78,0.74,0.76,0.76,55000
2023-12-26,0.76,0.76,0.68,0.69,0.69,146200
2023-12-27,0.68,0.73,0.68,0.71,0.71,68200
2023-12-28,0.72,0.73,0.72,0.72,0.72,52500
2023-12-29,0.71,0.72,0.71,0.71,0.71,33500
2024-01-02,0.71,0.74,0.71,0.73,0.73,16500
2024-01-03,0.74,0.8,0.71,0.78,0.78,102000
2024-01-04,0.78,0.8,0.77,0.79,0.79,71300
2024-01-05,0.79,0.8,0.78,0.78,0.78,13000
2024-01-08,0.79,0.82,0.77,0.79,0.79,50200
2024-01-09,0.79,0.79,0.75,0.76,0.76,15800
2024-01-10,0.74,0.82,0.72,0.74,0.74,44200
2024-01-11,0.78,0.81,0.75,0.81,0.81,28600
2024-01-12,0.79,0.83,0.78,0.81,0.81,19900
2024-01-16,0.83,0.83,0.76,0.77,0.77,37400
2024-01-17,0.79,0.81,0.77,0.78,0.78,13000
2024-01-18,0.81,0.81,0.77,0.77,0.77,16000
2024-01-19,0.78,0.8,0.72,0.72,0.72,61700
2024-01-22,0.72,0.79,0.72,0.73,0.73,40500
2024-01-23,0.72,0.76,0.71,0.72,0.72,35000
2024-01-24,0.74,0.76,0.72,0.75,0.75,21400
2024-01-25,0.77,0.77,0.72,0.73,0.73,29500
2024-01-26,0.76,0.76,0.71,0.75,0.75,16300
2024-01-29,0.75,0.75,0.71,0.75,0.75,18800
2024-01-30,0.72,0.75,0.72,0.75,0.75,18600
2024-01-31,0.74,0.74,0.71,0.71,0.71,12300
2024-02-01,0.72,0.72,0.71,0.72,0.72,6600
2024-02-02,0.72,0.72,0.71,0.72,0.72,9200
2024-02-05,0.72,0.72,0.7,0.71,0.71,20200
2024-02-06,0.71,0.72,0.7,0.71,0.71,82200
2024-02-07,0.75,0.75,0.7,0.73,0.73,45600
2024-02-08,0.75,0.75,0.71,0.72,0.72,58800
2024-02-09,0.73,0.73,0.71,0.72,0.72,53200
2024-02-12,0.71,0.74,0.71,0.72,0.72,14500
2024-02-13,0.75,0.75,0.71,0.75,0.75,31100
2024-02-14,0.72,0.75,0.72,0.75,0.75,10600
2024-02-15,0.75,0.75,0.72,0.74,0.74,35900
2024-02-16,0.74,0.75,0.72,0.72,0.72,12200
2024-02-20,0.74,0.75,0.72,0.73,0.73,18800
2024-02-21,0.75,0.75,0.72,0.74,0.74,8500
2024-02-22,0.75,0.75,0.72,0.73,0.73,47800
2024-02-23,0.74,0.74,0.7,0.7,0.7,96300
2024-02-26,0.73,0.73,0.7,0.71,0.71,59400
2024-02-27,0.7,0.74,0.7,0.7,0.7,46700
2024-02-28,0.71,0.72,0.69,0.7,0.7,38300
2024-02-29,0.71,0.72,0.69,0.69,0.69,58300
2024-03-01,0.7,0.73,0.7,0.71,0.71,45500
2024-03-04,0.74,0.74,0.7,0.71,0.71,72000
2024-03-05,0.72,0.73,0.71,0.72,0.72,29900
2024-03-06,0.72,0.73,0.7,0.7,0.7,61900
2024-03-07,0.82,0.93,0.82,0.92,0.92,1697400
2024-03-08,0.85,0.94,0.85,0.89,0.89,437800
2024-03-11,0.9,0.93,0.88,0.9,0.9,128700
2024-03-12,0.89,0.92,0.88,0.88,0.88,235500
2024-03-13,0.87,0.92,0.87,0.9,0.9,186500
2024-03-14,0.91,0.93,0.87,0.9,0.9,265600
2024-03-15,0.9,0.92,0.89,0.92,0.92,75100
2024-03-18,0.92,0.95,0.9,0.91,0.91,130200
2024-03-19,0.9,0.91,0.9,0.9,0.9,207000
2024-03-20,0.89,0.91,0.88,0.9,0.9,32000
2024-03-21,0.9,0.91,0.9,0.91,0.91,30200
2024-03-22,0.91,0.91,0.88,0.91,0.91,25500
2024-03-25,0.91,0.92,0.89,0.9,0.9,44300
2024-03-26,0.92,0.92,0.89,0.89,0.89,30300
2024-03-27,0.9,0.91,0.88,0.9,0.9,64900
2024-03-28,0.9,0.92,0.9,0.91,0.91,178000
2024-04-01,0.92,0.93,0.91,0.92,0.92,34500
2024-04-02,0.93,1.02,0.91,1.0,1.0,736900
2024-04-03,1.0,1.06,0.97,1.06,1.06,883900
2024-04-04,1.04,1.08,1.03,1.08,1.08,179200
2024-04-05,1.07,1.12,1.05,1.12,1.12,148100
2024-04-08,1.12,1.12,1.08,1.11,1.11,121000
2024-04-09,1.1,1.11,1.06,1.11,1.11,76200
2024-04-10,1.06,1.1,1.06,1.09,1.09,89400
2024-04-11,1.09,1.14,1.08,1.13,1.13,33900
2024-04-12,1.14,1.19,1.1,1.1,1.1,152900
2024-04-15,1.02,1.12,1.02,1.09,1.09,134800
2024-04-16,1.07,1.11,1.07,1.11,1.11,63300
2024-04-17,1.08,1.31,1.08,1.13,1.13,491700
2024-04-18,1.15,1.17,1.13,1.13,1.13,66300
2024-04-19,1.11,1.25,1.11,1.24,1.24,169100
2024-04-22,1.23,1.28,1.22,1.26,1.26,151900
2024-04-23,1.24,1.27,1.21,1.25,1.25,88000
2024-04-24,1.21,1.25,1.21,1.25,1.25,38900
2024-04-25,1.25,1.25,1.12,1.24,1.24,274900
2024-04-26,1.25,1.27,1.19,1.26,1.26,68100
